,Country,Year,Fuel,FED_cooking(KTOE),FED_cooling(KTOE),Total(KTOE)
0,BE,2000.0,coal,0.0,0.0,0.0
1,BE,2000.0,fuel oil,75.64440251556185,0.0,75.64440251556185
2,BE,2000.0,gas,154.3230833620022,0.0,154.3230833620022
3,BE,2000.0,Electricity,309.86443059411323,20.16837849505488,330.0328090891681
4,BE,2000.0,District heating,0.0,0.0,0.0
5,BE,2000.0,biomass,0.958321141540555,0.0,0.958321141540555
6,BE,2005.0,coal,0.0,0.0,0.0
7,BE,2005.0,fuel oil,91.67524274804309,0.0,91.67524274804309
8,BE,2005.0,gas,217.35760218232997,0.0,217.35760218232997
9,BE,2005.0,Electricity,230.2351006787536,12.040548396169429,242.27564907492305
10,BE,2005.0,District heating,0.0,0.0,0.0
11,BE,2005.0,biomass,1.5222920040909842,0.0,1.5222920040909842
12,BE,2010.0,coal,0.0,0.0,0.0
13,BE,2010.0,fuel oil,87.54238782858975,0.0,87.54238782858975
14,BE,2010.0,gas,261.7883761757858,0.0,261.7883761757858
15,BE,2010.0,Electricity,186.79116763122914,8.676158309856014,195.46732594108516
16,BE,2010.0,District heating,0.0,0.0,0.0
17,BE,2010.0,biomass,4.668305977613107,0.0,4.668305977613107
18,BE,2015.0,coal,0.0,0.0,0.0
19,BE,2015.0,fuel oil,88.99999999389466,0.0,88.99999999389466
20,BE,2015.0,gas,245.01227089655302,0.0,245.01227089655302
21,BE,2015.0,Electricity,201.00293882218094,8.029874446020905,209.03281326820183
22,BE,2015.0,District heating,0.0,0.0,0.0
23,BE,2015.0,biomass,5.775027900589223,0.0,5.775027900589223
24,BE,2020.0,coal,0.0,0.0,0.0
25,BE,2020.0,fuel oil,82.69176625350275,0.0,82.69176625350275
26,BE,2020.0,gas,256.0942638567756,0.0,256.0942638567756
27,BE,2020.0,Electricity,195.73700376264946,8.068607930940281,203.80561169358975
28,BE,2020.0,District heating,0.0,0.0,0.0
29,BE,2020.0,biomass,6.267203740289917,0.0,6.267203740289917
30,BE,2025.0,coal,0.0,0.0,0.0
31,BE,2025.0,fuel oil,75.66786673996626,0.0,75.66786673996626
32,BE,2025.0,gas,293.8809330486087,0.0,293.8809330486087
33,BE,2025.0,Electricity,163.89593830391323,6.445983908318037,170.34192221223125
34,BE,2025.0,District heating,0.0,0.0,0.0
35,BE,2025.0,biomass,7.3454995207295966,0.0,7.3454995207295966
36,BE,2030.0,coal,0.0,0.0,0.0
37,BE,2030.0,fuel oil,64.77658941763744,0.0,64.77658941763744
38,BE,2030.0,gas,299.31156047834776,0.0,299.31156047834776
39,BE,2030.0,Electricity,169.4658464431224,6.801482678101583,176.26732912122398
40,BE,2030.0,District heating,0.0,0.0,0.0
41,BE,2030.0,biomass,7.236241274110108,0.0,7.236241274110108
42,BE,2035.0,coal,0.0,0.0,0.0
43,BE,2035.0,fuel oil,54.5917666062796,0.0,54.5917666062796
44,BE,2035.0,gas,316.12874741298356,0.0,316.12874741298356
45,BE,2035.0,Electricity,162.77382263327993,6.685330679243969,169.4591533125239
46,BE,2035.0,District heating,0.0,0.0,0.0
47,BE,2035.0,biomass,7.295900960674682,0.0,7.295900960674682
48,BE,2040.0,coal,0.0,0.0,0.0
49,BE,2040.0,fuel oil,36.06043613294209,0.0,36.06043613294209
50,BE,2040.0,gas,324.5561718314312,0.0,324.5561718314312
51,BE,2040.0,Electricity,173.15341024817428,7.531819856979094,180.68523010515338
52,BE,2040.0,District heating,0.0,0.0,0.0
53,BE,2040.0,biomass,7.020219400670206,0.0,7.020219400670206
54,BE,2045.0,coal,0.0,0.0,0.0
55,BE,2045.0,fuel oil,27.542419768414003,0.0,27.542419768414003
56,BE,2045.0,gas,315.9118877505205,0.0,315.9118877505205
57,BE,2045.0,Electricity,190.67058245357737,8.784502625205175,199.45508507878253
58,BE,2045.0,District heating,0.0,0.0,0.0
59,BE,2045.0,biomass,6.665347640705859,0.0,6.665347640705859
60,BE,2050.0,coal,0.0,0.0,0.0
61,BE,2050.0,fuel oil,24.03136573818607,0.0,24.03136573818607
62,BE,2050.0,gas,301.18404451512504,0.0,301.18404451512504
63,BE,2050.0,Electricity,209.98171744215188,10.19966515176537,220.18138259391725
64,BE,2050.0,District heating,0.0,0.0,0.0
65,BE,2050.0,biomass,5.5931099177547345,0.0,5.5931099177547345
66,BG,2000.0,coal,0.0,0.0,0.0
67,BG,2000.0,fuel oil,8.991296216996489,0.0,8.991296216996489
68,BG,2000.0,gas,0.00828076349634045,0.0,0.00828076349634045
69,BG,2000.0,Electricity,175.75482934099304,17.526337683463023,193.28116702445607
70,BG,2000.0,District heating,0.0,0.0,0.0
71,BG,2000.0,biomass,10.713461594849768,0.0,10.713461594849768
72,BG,2005.0,coal,0.0,0.0,0.0
73,BG,2005.0,fuel oil,24.845917378069835,0.0,24.845917378069835
74,BG,2005.0,gas,1.0622169397397023,0.0,1.0622169397397023
75,BG,2005.0,Electricity,146.44548736150668,8.305435413238593,154.75092277474528
76,BG,2005.0,District heating,0.0,0.0,0.0
77,BG,2005.0,biomass,23.11424623701943,0.0,23.11424623701943
78,BG,2010.0,coal,0.0,0.0,0.0
79,BG,2010.0,fuel oil,20.17555247365973,0.0,20.17555247365973
80,BG,2010.0,gas,3.430102631773307,0.0,3.430102631773307
81,BG,2010.0,Electricity,146.37917192265564,9.007732501417571,155.3869044240732
82,BG,2010.0,District heating,0.0,0.0,0.0
83,BG,2010.0,biomass,25.48304088824697,0.0,25.48304088824697
84,BG,2015.0,coal,0.0,0.0,0.0
85,BG,2015.0,fuel oil,26.713517241822828,0.0,26.713517241822828
86,BG,2015.0,gas,3.2034178036948653,0.0,3.2034178036948653
87,BG,2015.0,Electricity,142.6067442390967,9.85922773661822,152.46597197571492
88,BG,2015.0,District heating,0.0,0.0,0.0
89,BG,2015.0,biomass,22.944188631721264,0.0,22.944188631721264
90,BG,2020.0,coal,0.0,0.0,0.0
91,BG,2020.0,fuel oil,17.107204814357676,0.0,17.107204814357676
92,BG,2020.0,gas,4.8718659219251546,0.0,4.8718659219251546
93,BG,2020.0,Electricity,149.3644921387527,10.723925095177185,160.08841723392987
94,BG,2020.0,District heating,0.0,0.0,0.0
95,BG,2020.0,biomass,24.12430504130011,0.0,24.12430504130011
96,BG,2025.0,coal,0.0,0.0,0.0
97,BG,2025.0,fuel oil,2.7788287015400703,0.0,2.7788287015400703
98,BG,2025.0,gas,5.03159046930525,0.0,5.03159046930525
99,BG,2025.0,Electricity,165.33784690236308,12.756714965953583,178.09456186831667
100,BG,2025.0,District heating,0.0,0.0,0.0
101,BG,2025.0,biomass,22.319601843127224,0.0,22.319601843127224
102,BG,2030.0,coal,0.0,0.0,0.0
103,BG,2030.0,fuel oil,2.273888366870949,0.0,2.273888366870949
104,BG,2030.0,gas,5.546570441978279,0.0,5.546570441978279
105,BG,2030.0,Electricity,162.1333864743009,12.087719851612114,174.221106325913
106,BG,2030.0,District heating,0.0,0.0,0.0
107,BG,2030.0,biomass,25.51402263318553,0.0,25.51402263318553
108,BG,2035.0,coal,0.0,0.0,0.0
109,BG,2035.0,fuel oil,1.825297589480897,0.0,1.825297589480897
110,BG,2035.0,gas,5.93100682029603,0.0,5.93100682029603
111,BG,2035.0,Electricity,160.5031009460469,11.76909422390632,172.27219516995322
112,BG,2035.0,District heating,0.0,0.0,0.0
113,BG,2035.0,biomass,27.208462560511787,0.0,27.208462560511787
114,BG,2040.0,coal,0.0,0.0,0.0
115,BG,2040.0,fuel oil,1.742084582954085,0.0,1.742084582954085
116,BG,2040.0,gas,6.129739345474587,0.0,6.129739345474587
117,BG,2040.0,Electricity,159.17819284546295,11.37188080040629,170.55007364586925
118,BG,2040.0,District heating,0.0,0.0,0.0
119,BG,2040.0,biomass,28.417851142444043,0.0,28.417851142444043
120,BG,2045.0,coal,0.0,0.0,0.0
121,BG,2045.0,fuel oil,1.910397698398991,0.0,1.910397698398991
122,BG,2045.0,gas,6.197814614383726,0.0,6.197814614383726
123,BG,2045.0,Electricity,158.73883650120854,11.31698685251303,170.05582335372156
124,BG,2045.0,District heating,0.0,0.0,0.0
125,BG,2045.0,biomass,28.620819102344395,0.0,28.620819102344395
126,BG,2050.0,coal,0.0,0.0,0.0
127,BG,2050.0,fuel oil,2.191488790164505,0.0,2.191488790164505
128,BG,2050.0,gas,6.455560524357823,0.0,6.455560524357823
129,BG,2050.0,Electricity,157.99052699629897,11.074470032160727,169.0649970284597
130,BG,2050.0,District heating,0.0,0.0,0.0
131,BG,2050.0,biomass,28.830291605514365,0.0,28.830291605514365
132,CZ,2000.0,coal,0.0,0.0,0.0
133,CZ,2000.0,fuel oil,42.101193935524364,0.0,42.101193935524364
134,CZ,2000.0,gas,183.16654464964938,0.0,183.16654464964938
135,CZ,2000.0,Electricity,244.71087376596373,6.925862468819328,251.63673623478306
136,CZ,2000.0,District heating,0.0,0.0,0.0
137,CZ,2000.0,biomass,3.634855752794102,0.0,3.634855752794102
138,CZ,2005.0,coal,0.0,0.0,0.0
139,CZ,2005.0,fuel oil,21.410464318272602,0.0,21.410464318272602
140,CZ,2005.0,gas,250.61612236278077,0.0,250.61612236278077
141,CZ,2005.0,Electricity,196.3329877001138,4.578879824624739,200.91186752473854
142,CZ,2005.0,District heating,0.0,0.0,0.0
143,CZ,2005.0,biomass,5.253893722764435,0.0,5.253893722764435
144,CZ,2010.0,coal,0.0,0.0,0.0
145,CZ,2010.0,fuel oil,16.195333095749014,0.0,16.195333095749014
146,CZ,2010.0,gas,257.9524051446877,0.0,257.9524051446877
147,CZ,2010.0,Electricity,192.79338095766443,4.5042341762017095,197.29761513386615
148,CZ,2010.0,District heating,0.0,0.0,0.0
149,CZ,2010.0,biomass,6.672348905830439,0.0,6.672348905830439
150,CZ,2015.0,coal,0.0,0.0,0.0
151,CZ,2015.0,fuel oil,34.55979333491755,0.0,34.55979333491755
152,CZ,2015.0,gas,221.25400404117747,0.0,221.25400404117747
153,CZ,2015.0,Electricity,208.91828174429983,4.274170966949453,213.19245271124927
154,CZ,2015.0,District heating,0.0,0.0,0.0
155,CZ,2015.0,biomass,8.881388983536604,0.0,8.881388983536604
156,CZ,2020.0,coal,0.0,0.0,0.0
157,CZ,2020.0,fuel oil,36.88917083272765,0.0,36.88917083272765
158,CZ,2020.0,gas,222.11119584054458,0.0,222.11119584054458
159,CZ,2020.0,Electricity,205.4882781192616,4.523866425177339,210.01214454443894
160,CZ,2020.0,District heating,0.0,0.0,0.0
161,CZ,2020.0,biomass,9.12482331139778,0.0,9.12482331139778
162,CZ,2025.0,coal,0.0,0.0,0.0
163,CZ,2025.0,fuel oil,30.649384794625462,0.0,30.649384794625462
164,CZ,2025.0,gas,210.096523940343,0.0,210.096523940343
165,CZ,2025.0,Electricity,223.14951105180214,4.9150903622231334,228.06460141402528
166,CZ,2025.0,District heating,0.0,0.0,0.0
167,CZ,2025.0,biomass,9.718048317160951,0.0,9.718048317160951
168,CZ,2030.0,coal,0.0,0.0,0.0
169,CZ,2030.0,fuel oil,31.606030802083897,0.0,31.606030802083897
170,CZ,2030.0,gas,207.228134443847,0.0,207.228134443847
171,CZ,2030.0,Electricity,223.49239036757774,4.594732375317268,228.08712274289502
172,CZ,2030.0,District heating,0.0,0.0,0.0
173,CZ,2030.0,biomass,11.286912490422974,0.0,11.286912490422974
174,CZ,2035.0,coal,0.0,0.0,0.0
175,CZ,2035.0,fuel oil,26.644963299346447,0.0,26.644963299346447
176,CZ,2035.0,gas,204.80370831844834,0.0,204.80370831844834
177,CZ,2035.0,Electricity,230.87583221964707,4.602642793053391,235.47847501270047
178,CZ,2035.0,District heating,0.0,0.0,0.0
179,CZ,2035.0,biomass,11.288964266489671,0.0,11.288964266489671
180,CZ,2040.0,coal,0.0,0.0,0.0
181,CZ,2040.0,fuel oil,23.810272716649962,0.0,23.810272716649962
182,CZ,2040.0,gas,196.77568614032674,0.0,196.77568614032674
183,CZ,2040.0,Electricity,242.03016503593824,4.730686794756723,246.76085183069497
184,CZ,2040.0,District heating,0.0,0.0,0.0
185,CZ,2040.0,biomass,10.997344211016665,0.0,10.997344211016665
186,CZ,2045.0,coal,0.0,0.0,0.0
187,CZ,2045.0,fuel oil,10.03263349532215,0.0,10.03263349532215
188,CZ,2045.0,gas,183.72856428528146,0.0,183.72856428528146
189,CZ,2045.0,Electricity,269.7967213355372,5.483354193431452,275.28007552896867
190,CZ,2045.0,District heating,0.0,0.0,0.0
191,CZ,2045.0,biomass,10.05554898779068,0.0,10.05554898779068
192,CZ,2050.0,coal,0.0,0.0,0.0
193,CZ,2050.0,fuel oil,9.740590248399124,0.0,9.740590248399124
194,CZ,2050.0,gas,178.98740130993784,0.0,178.98740130993784
195,CZ,2050.0,Electricity,275.4358111668339,5.643402838012864,281.0792140048468
196,CZ,2050.0,District heating,0.0,0.0,0.0
197,CZ,2050.0,biomass,9.44966537876062,0.0,9.44966537876062
198,DK,2000.0,coal,0.0,0.0,0.0
199,DK,2000.0,fuel oil,15.167266660651546,0.0,15.167266660651546
200,DK,2000.0,gas,3.3996054458311895,0.0,3.3996054458311895
201,DK,2000.0,Electricity,82.00416744669435,0.0,82.00416744669435
202,DK,2000.0,District heating,0.0,0.0,0.0
203,DK,2000.0,biomass,0.0,0.0,0.0
204,DK,2005.0,coal,0.0,0.0,0.0
205,DK,2005.0,fuel oil,33.533721076147465,0.0,33.533721076147465
206,DK,2005.0,gas,10.000432803856809,0.0,10.000432803856809
207,DK,2005.0,Electricity,57.03688567317283,0.0,57.03688567317283
208,DK,2005.0,District heating,0.0,0.0,0.0
209,DK,2005.0,biomass,0.0,0.0,0.0
210,DK,2010.0,coal,0.0,0.0,0.0
211,DK,2010.0,fuel oil,30.918330421670618,0.0,30.918330421670618
212,DK,2010.0,gas,12.885454385460099,0.0,12.885454385460099
213,DK,2010.0,Electricity,56.76725474604638,0.0,56.76725474604638
214,DK,2010.0,District heating,0.0,0.0,0.0
215,DK,2010.0,biomass,0.0,0.0,0.0
216,DK,2015.0,coal,0.0,0.0,0.0
217,DK,2015.0,fuel oil,17.599999998792697,0.0,17.599999998792697
218,DK,2015.0,gas,11.503106378808878,0.0,11.503106378808878
219,DK,2015.0,Electricity,71.46793317557552,0.0,71.46793317557552
220,DK,2015.0,District heating,0.0,0.0,0.0
221,DK,2015.0,biomass,0.0,0.0,0.0
222,DK,2020.0,coal,0.0,0.0,0.0
223,DK,2020.0,fuel oil,15.921558001385606,0.0,15.921558001385606
224,DK,2020.0,gas,11.662261238813105,0.0,11.662261238813105
225,DK,2020.0,Electricity,72.9872203129784,0.0,72.9872203129784
226,DK,2020.0,District heating,0.0,0.0,0.0
227,DK,2020.0,biomass,0.0,0.0,0.0
228,DK,2025.0,coal,0.0,0.0,0.0
229,DK,2025.0,fuel oil,10.700701368304816,0.0,10.700701368304816
230,DK,2025.0,gas,5.751260848779241,0.0,5.751260848779241
231,DK,2025.0,Electricity,84.11907733609303,0.0,84.11907733609303
232,DK,2025.0,District heating,0.0,0.0,0.0
233,DK,2025.0,biomass,0.0,0.0,0.0
234,DK,2030.0,coal,0.0,0.0,0.0
235,DK,2030.0,fuel oil,8.235292745124639,0.0,8.235292745124639
236,DK,2030.0,gas,4.137619133694502,0.0,4.137619133694502
237,DK,2030.0,Electricity,88.19812767435795,0.0,88.19812767435795
238,DK,2030.0,District heating,0.0,0.0,0.0
239,DK,2030.0,biomass,0.0,0.0,0.0
240,DK,2035.0,coal,0.0,0.0,0.0
241,DK,2035.0,fuel oil,6.629960446517879,0.0,6.629960446517879
242,DK,2035.0,gas,3.143761960264536,0.0,3.143761960264536
243,DK,2035.0,Electricity,90.79731714639466,0.0,90.79731714639466
244,DK,2035.0,District heating,0.0,0.0,0.0
245,DK,2035.0,biomass,0.0,0.0,0.0
246,DK,2040.0,coal,0.0,0.0,0.0
247,DK,2040.0,fuel oil,5.178734707809443,0.0,5.178734707809443
248,DK,2040.0,gas,2.502576525890963,0.0,2.502576525890963
249,DK,2040.0,Electricity,92.88972831947669,0.0,92.88972831947669
250,DK,2040.0,District heating,0.0,0.0,0.0
251,DK,2040.0,biomass,0.0,0.0,0.0
252,DK,2045.0,coal,0.0,0.0,0.0
253,DK,2045.0,fuel oil,4.238641853384665,0.0,4.238641853384665
254,DK,2045.0,gas,1.9433154358010865,0.0,1.9433154358010865
255,DK,2045.0,Electricity,94.38908226399136,0.0,94.38908226399136
256,DK,2045.0,District heating,0.0,0.0,0.0
257,DK,2045.0,biomass,0.0,0.0,0.0
258,DK,2050.0,coal,0.0,0.0,0.0
259,DK,2050.0,fuel oil,4.193388284219518,0.0,4.193388284219518
260,DK,2050.0,gas,1.8858892930967985,0.0,1.8858892930967985
261,DK,2050.0,Electricity,94.49176197586078,0.0,94.49176197586078
262,DK,2050.0,District heating,0.0,0.0,0.0
263,DK,2050.0,biomass,0.0,0.0,0.0
264,DE,2000.0,coal,0.0,0.0,0.0
265,DE,2000.0,fuel oil,632.8248860619541,0.0,632.8248860619541
266,DE,2000.0,gas,60.168824655135545,0.0,60.168824655135545
267,DE,2000.0,Electricity,3161.2283653159066,151.82266772339784,3313.0510330393045
268,DE,2000.0,District heating,0.0,0.0,0.0
269,DE,2000.0,biomass,0.0,0.0,0.0
270,DE,2005.0,coal,0.0,0.0,0.0
271,DE,2005.0,fuel oil,685.4440486908111,0.0,685.4440486908111
272,DE,2005.0,gas,73.38086988901918,0.0,73.38086988901918
273,DE,2005.0,Electricity,3095.397157453165,121.11284242673051,3216.5099998798955
274,DE,2005.0,District heating,0.0,0.0,0.0
275,DE,2005.0,biomass,0.0,0.0,0.0
276,DE,2010.0,coal,0.0,0.0,0.0
277,DE,2010.0,fuel oil,628.7934771528471,0.0,628.7934771528471
278,DE,2010.0,gas,83.70374530493983,0.0,83.70374530493983
279,DE,2010.0,Electricity,3141.7248535752087,110.61613758046661,3252.3409911556755
280,DE,2010.0,District heating,0.0,0.0,0.0
281,DE,2010.0,biomass,0.0,0.0,0.0
282,DE,2015.0,coal,0.0,0.0,0.0
283,DE,2015.0,fuel oil,587.2999999603063,0.0,587.2999999603063
284,DE,2015.0,gas,78.95511401029393,0.0,78.95511401029393
285,DE,2015.0,Electricity,3187.9669620623954,98.24958758687299,3286.2165496492685
286,DE,2015.0,District heating,0.0,0.0,0.0
287,DE,2015.0,biomass,0.0,0.0,0.0
288,DE,2020.0,coal,0.0,0.0,0.0
289,DE,2020.0,fuel oil,658.3464616357171,0.0,658.3464616357171
290,DE,2020.0,gas,97.89864159418019,0.0,97.89864159418019
291,DE,2020.0,Electricity,3097.9769728030988,80.57157352989665,3178.5485463329956
292,DE,2020.0,District heating,0.0,0.0,0.0
293,DE,2020.0,biomass,0.0,0.0,0.0
294,DE,2025.0,coal,0.0,0.0,0.0
295,DE,2025.0,fuel oil,601.2709878380981,0.0,601.2709878380981
296,DE,2025.0,gas,105.42486202941302,0.0,105.42486202941302
297,DE,2025.0,Electricity,3147.5262261654843,74.45423544439481,3221.980461609879
298,DE,2025.0,District heating,0.0,0.0,0.0
299,DE,2025.0,biomass,0.0,0.0,0.0
300,DE,2030.0,coal,0.0,0.0,0.0
301,DE,2030.0,fuel oil,519.9958936739804,0.0,519.9958936739804
302,DE,2030.0,gas,93.49043879849688,0.0,93.49043879849688
303,DE,2030.0,Electricity,3240.7357435605186,74.88900233363042,3315.624745894149
304,DE,2030.0,District heating,0.0,0.0,0.0
305,DE,2030.0,biomass,0.0,0.0,0.0
306,DE,2035.0,coal,0.0,0.0,0.0
307,DE,2035.0,fuel oil,485.7468498713585,0.0,485.7468498713585
308,DE,2035.0,gas,90.79647626201964,0.0,90.79647626201964
309,DE,2035.0,Electricity,3277.678749899618,75.99573889695021,3353.6744887965683
310,DE,2035.0,District heating,0.0,0.0,0.0
311,DE,2035.0,biomass,0.0,0.0,0.0
312,DE,2040.0,coal,0.0,0.0,0.0
313,DE,2040.0,fuel oil,433.94815081905824,0.0,433.94815081905824
314,DE,2040.0,gas,84.27845383824628,0.0,84.27845383824628
315,DE,2040.0,Electricity,3335.9954713756915,79.31097565446348,3415.306447030155
316,DE,2040.0,District heating,0.0,0.0,0.0
317,DE,2040.0,biomass,0.0,0.0,0.0
318,DE,2045.0,coal,0.0,0.0,0.0
319,DE,2045.0,fuel oil,375.88710062689876,0.0,375.88710062689876
320,DE,2045.0,gas,77.59279159007956,0.0,77.59279159007956
321,DE,2045.0,Electricity,3400.742183816017,86.02797318748142,3486.7701570034988
322,DE,2045.0,District heating,0.0,0.0,0.0
323,DE,2045.0,biomass,0.0,0.0,0.0
324,DE,2050.0,coal,0.0,0.0,0.0
325,DE,2050.0,fuel oil,347.40977892582515,0.0,347.40977892582515
326,DE,2050.0,gas,76.99318942406032,0.0,76.99318942406032
327,DE,2050.0,Electricity,3429.819107683111,87.67949612002397,3517.4986038031348
328,DE,2050.0,District heating,0.0,0.0,0.0
329,DE,2050.0,biomass,0.0,0.0,0.0
330,EE,2000.0,coal,0.0,0.0,0.0
331,EE,2000.0,fuel oil,6.302789727023664,0.0,6.302789727023664
332,EE,2000.0,gas,2.4446109363561144,0.0,2.4446109363561144
333,EE,2000.0,Electricity,52.14977212588777,0.03682223880900984,52.18659436469678
334,EE,2000.0,District heating,0.0,0.0,0.0
335,EE,2000.0,biomass,0.0,0.0,0.0
336,EE,2005.0,coal,0.0,0.0,0.0
337,EE,2005.0,fuel oil,4.731126059636232,0.0,4.731126059636232
338,EE,2005.0,gas,4.360932731584967,0.0,4.360932731584967
339,EE,2005.0,Electricity,51.80511399804636,0.0219985201456816,51.82711251819204
340,EE,2005.0,District heating,0.0,0.0,0.0
341,EE,2005.0,biomass,0.0,0.0,0.0
342,EE,2010.0,coal,0.0,0.0,0.0
343,EE,2010.0,fuel oil,3.67419542035627,0.0,3.67419542035627
344,EE,2010.0,gas,4.7321335284295145,0.0,4.7321335284295145
345,EE,2010.0,Electricity,52.490843840481766,0.025077494951637695,52.515921335433404
346,EE,2010.0,District heating,0.0,0.0,0.0
347,EE,2010.0,biomass,0.0,0.0,0.0
348,EE,2015.0,coal,0.0,0.0,0.0
349,EE,2015.0,fuel oil,5.399999999629561,0.0,5.399999999629561
350,EE,2015.0,gas,5.501840342176145,0.0,5.501840342176145
351,EE,2015.0,Electricity,49.99533244746185,0.018452339100173413,50.01378478656202
352,EE,2015.0,District heating,0.0,0.0,0.0
353,EE,2015.0,biomass,0.0,0.0,0.0
354,EE,2020.0,coal,0.0,0.0,0.0
355,EE,2020.0,fuel oil,5.121025899167132,0.0,5.121025899167132
356,EE,2020.0,gas,5.7680091381034035,0.0,5.7680091381034035
357,EE,2020.0,Electricity,50.00813775199702,0.021967069842806854,50.03010482183983
358,EE,2020.0,District heating,0.0,0.0,0.0
359,EE,2020.0,biomass,0.0,0.0,0.0
360,EE,2025.0,coal,0.0,0.0,0.0
361,EE,2025.0,fuel oil,1.328454624602473,0.0,1.328454624602473
362,EE,2025.0,gas,5.266938926366216,0.0,5.266938926366216
363,EE,2025.0,Electricity,54.30177923829886,0.022780240276391917,54.32455947857525
364,EE,2025.0,District heating,0.0,0.0,0.0
365,EE,2025.0,biomass,0.0,0.0,0.0
366,EE,2030.0,coal,0.0,0.0,0.0
367,EE,2030.0,fuel oil,1.0722128822932366,0.0,1.0722128822932366
368,EE,2030.0,gas,4.642551200208267,0.0,4.642551200208267
369,EE,2030.0,Electricity,55.18240870676605,0.023228988079278288,55.20563769484532
370,EE,2030.0,District heating,0.0,0.0,0.0
371,EE,2030.0,biomass,0.0,0.0,0.0
372,EE,2035.0,coal,0.0,0.0,0.0
373,EE,2035.0,fuel oil,0.22845562225010152,0.0,0.22845562225010152
374,EE,2035.0,gas,4.365525386336774,0.0,4.365525386336774
375,EE,2035.0,Electricity,56.30319178068068,0.02281654524695693,56.32600832592763
376,EE,2035.0,District heating,0.0,0.0,0.0
377,EE,2035.0,biomass,0.0,0.0,0.0
378,EE,2040.0,coal,0.0,0.0,0.0
379,EE,2040.0,fuel oil,0.16721125207224002,0.0,0.16721125207224002
380,EE,2040.0,gas,3.7633632400112336,0.0,3.7633632400112336
381,EE,2040.0,Electricity,56.966598297184085,0.02480564438355896,56.99140394156765
382,EE,2040.0,District heating,0.0,0.0,0.0
383,EE,2040.0,biomass,0.0,0.0,0.0
384,EE,2045.0,coal,0.0,0.0,0.0
385,EE,2045.0,fuel oil,0.11820252529518435,0.0,0.11820252529518435
386,EE,2045.0,gas,3.170718673885098,0.0,3.170718673885098
387,EE,2045.0,Electricity,57.60825159008728,0.028750527425813625,57.63700211751309
388,EE,2045.0,District heating,0.0,0.0,0.0
389,EE,2045.0,biomass,0.0,0.0,0.0
390,EE,2050.0,coal,0.0,0.0,0.0
391,EE,2050.0,fuel oil,0.09724999841576461,0.0,0.09724999841576461
392,EE,2050.0,gas,2.9733888714297123,0.0,2.9733888714297123
393,EE,2050.0,Electricity,57.82653391942208,0.030783693694741297,57.85731761311683
394,EE,2050.0,District heating,0.0,0.0,0.0
395,EE,2050.0,biomass,0.0,0.0,0.0
396,IE,2000.0,coal,0.0,0.0,0.0
397,IE,2000.0,fuel oil,36.77275767084303,0.0,36.77275767084303
398,IE,2000.0,gas,6.728519050012212,0.0,6.728519050012212
399,IE,2000.0,Electricity,77.85820988847425,0.0,77.85820988847425
400,IE,2000.0,District heating,0.0,0.0,0.0
401,IE,2000.0,biomass,0.0,0.0,0.0
402,IE,2005.0,coal,0.0,0.0,0.0
403,IE,2005.0,fuel oil,58.749509935002564,0.0,58.749509935002564
404,IE,2005.0,gas,12.005946608494122,0.0,12.005946608494122
405,IE,2005.0,Electricity,50.60403006583279,0.0,50.60403006583279
406,IE,2005.0,District heating,0.0,0.0,0.0
407,IE,2005.0,biomass,0.0,0.0,0.0
408,IE,2010.0,coal,0.0,0.0,0.0
409,IE,2010.0,fuel oil,63.01585729375308,0.0,63.01585729375308
410,IE,2010.0,gas,13.297425132752394,0.0,13.297425132752394
411,IE,2010.0,Electricity,45.04620418282402,0.0,45.04620418282402
412,IE,2010.0,District heating,0.0,0.0,0.0
413,IE,2010.0,biomass,0.0,0.0,0.0
414,IE,2015.0,coal,0.0,0.0,0.0
415,IE,2015.0,fuel oil,61.8999999957535,0.0,61.8999999957535
416,IE,2015.0,gas,13.11200295261231,0.0,13.11200295261231
417,IE,2015.0,Electricity,46.34748366096366,0.0,46.34748366096366
418,IE,2015.0,District heating,0.0,0.0,0.0
419,IE,2015.0,biomass,0.0,0.0,0.0
420,IE,2020.0,coal,0.0,0.0,0.0
421,IE,2020.0,fuel oil,63.52009228592916,0.0,63.52009228592916
422,IE,2020.0,gas,14.024728751719048,0.0,14.024728751719048
423,IE,2020.0,Electricity,43.81466557168126,0.0,43.81466557168126
424,IE,2020.0,District heating,0.0,0.0,0.0
425,IE,2020.0,biomass,0.0,0.0,0.0
426,IE,2025.0,coal,0.0,0.0,0.0
427,IE,2025.0,fuel oil,51.62544230196892,0.0,51.62544230196892
428,IE,2025.0,gas,14.974081842454716,0.0,14.974081842454716
429,IE,2025.0,Electricity,54.759962464905854,0.0,54.759962464905854
430,IE,2025.0,District heating,0.0,0.0,0.0
431,IE,2025.0,biomass,0.0,0.0,0.0
432,IE,2030.0,coal,0.0,0.0,0.0
433,IE,2030.0,fuel oil,30.55540207254969,0.0,30.55540207254969
434,IE,2030.0,gas,9.948056967335683,0.0,9.948056967335683
435,IE,2030.0,Electricity,80.85602756944411,0.0,80.85602756944411
436,IE,2030.0,District heating,0.0,0.0,0.0
437,IE,2030.0,biomass,0.0,0.0,0.0
438,IE,2035.0,coal,0.0,0.0,0.0
439,IE,2035.0,fuel oil,26.554287363000984,0.0,26.554287363000984
440,IE,2035.0,gas,9.224013950211672,0.0,9.224013950211672
441,IE,2035.0,Electricity,85.58118529611683,0.0,85.58118529611683
442,IE,2035.0,District heating,0.0,0.0,0.0
443,IE,2035.0,biomass,0.0,0.0,0.0
444,IE,2040.0,coal,0.0,0.0,0.0
445,IE,2040.0,fuel oil,24.797362440066404,0.0,24.797362440066404
446,IE,2040.0,gas,8.8245359690436,0.0,8.8245359690436
447,IE,2040.0,Electricity,87.73758820021948,0.0,87.73758820021948
448,IE,2040.0,District heating,0.0,0.0,0.0
449,IE,2040.0,biomass,0.0,0.0,0.0
450,IE,2045.0,coal,0.0,0.0,0.0
451,IE,2045.0,fuel oil,23.388416657443738,0.0,23.388416657443738
452,IE,2045.0,gas,8.60116421116937,0.0,8.60116421116937
453,IE,2045.0,Electricity,89.36990574071636,0.0,89.36990574071636
454,IE,2045.0,District heating,0.0,0.0,0.0
455,IE,2045.0,biomass,0.0,0.0,0.0
456,IE,2050.0,coal,0.0,0.0,0.0
457,IE,2050.0,fuel oil,22.31808639689525,0.0,22.31808639689525
458,IE,2050.0,gas,8.344384934887348,0.0,8.344384934887348
459,IE,2050.0,Electricity,90.6970152775469,0.0,90.6970152775469
460,IE,2050.0,District heating,0.0,0.0,0.0
461,IE,2050.0,biomass,0.0,0.0,0.0
462,EL,2000.0,coal,0.0,0.0,0.0
463,EL,2000.0,fuel oil,0.0,0.0,0.0
464,EL,2000.0,gas,0.0,0.0,0.0
465,EL,2000.0,Electricity,0.0,186.68695015347947,186.68695015347947
466,EL,2000.0,District heating,0.0,0.0,0.0
467,EL,2000.0,biomass,0.0,0.0,0.0
468,EL,2005.0,coal,0.0,0.0,0.0
469,EL,2005.0,fuel oil,0.0,0.0,0.0
470,EL,2005.0,gas,0.0,0.0,0.0
471,EL,2005.0,Electricity,0.0,118.73961050773522,118.73961050773522
472,EL,2005.0,District heating,0.0,0.0,0.0
473,EL,2005.0,biomass,0.0,0.0,0.0
474,EL,2010.0,coal,0.0,0.0,0.0
475,EL,2010.0,fuel oil,0.0,0.0,0.0
476,EL,2010.0,gas,0.0,0.0,0.0
477,EL,2010.0,Electricity,0.0,121.43104163297136,121.43104163297136
478,EL,2010.0,District heating,0.0,0.0,0.0
479,EL,2010.0,biomass,0.0,0.0,0.0
480,EL,2015.0,coal,0.0,0.0,0.0
481,EL,2015.0,fuel oil,0.0,0.0,0.0
482,EL,2015.0,gas,0.0,0.0,0.0
483,EL,2015.0,Electricity,0.0,117.533586769455,117.533586769455
484,EL,2015.0,District heating,0.0,0.0,0.0
485,EL,2015.0,biomass,0.0,0.0,0.0
486,EL,2020.0,coal,0.0,0.0,0.0
487,EL,2020.0,fuel oil,0.0,0.0,0.0
488,EL,2020.0,gas,0.0,0.0,0.0
489,EL,2020.0,Electricity,0.0,125.87459505843817,125.87459505843817
490,EL,2020.0,District heating,0.0,0.0,0.0
491,EL,2020.0,biomass,0.0,0.0,0.0
492,EL,2025.0,coal,0.0,0.0,0.0
493,EL,2025.0,fuel oil,0.0,0.0,0.0
494,EL,2025.0,gas,0.0,0.0,0.0
495,EL,2025.0,Electricity,0.0,109.66112766774036,109.66112766774036
496,EL,2025.0,District heating,0.0,0.0,0.0
497,EL,2025.0,biomass,0.0,0.0,0.0
498,EL,2030.0,coal,0.0,0.0,0.0
499,EL,2030.0,fuel oil,0.0,0.0,0.0
500,EL,2030.0,gas,0.0,0.0,0.0
501,EL,2030.0,Electricity,0.0,107.20270701638327,107.20270701638327
502,EL,2030.0,District heating,0.0,0.0,0.0
503,EL,2030.0,biomass,0.0,0.0,0.0
504,EL,2035.0,coal,0.0,0.0,0.0
505,EL,2035.0,fuel oil,0.0,0.0,0.0
506,EL,2035.0,gas,0.0,0.0,0.0
507,EL,2035.0,Electricity,0.0,108.17654575935897,108.17654575935897
508,EL,2035.0,District heating,0.0,0.0,0.0
509,EL,2035.0,biomass,0.0,0.0,0.0
510,EL,2040.0,coal,0.0,0.0,0.0
511,EL,2040.0,fuel oil,0.0,0.0,0.0
512,EL,2040.0,gas,0.0,0.0,0.0
513,EL,2040.0,Electricity,0.0,109.42777657266055,109.42777657266055
514,EL,2040.0,District heating,0.0,0.0,0.0
515,EL,2040.0,biomass,0.0,0.0,0.0
516,EL,2045.0,coal,0.0,0.0,0.0
517,EL,2045.0,fuel oil,0.0,0.0,0.0
518,EL,2045.0,gas,0.0,0.0,0.0
519,EL,2045.0,Electricity,0.0,113.62163937738089,113.62163937738089
520,EL,2045.0,District heating,0.0,0.0,0.0
521,EL,2045.0,biomass,0.0,0.0,0.0
522,EL,2050.0,coal,0.0,0.0,0.0
523,EL,2050.0,fuel oil,0.0,0.0,0.0
524,EL,2050.0,gas,0.0,0.0,0.0
525,EL,2050.0,Electricity,0.0,118.22998527018227,118.22998527018227
526,EL,2050.0,District heating,0.0,0.0,0.0
527,EL,2050.0,biomass,0.0,0.0,0.0
528,ES,2000.0,coal,0.0,0.0,0.0
529,ES,2000.0,fuel oil,935.4371812645754,0.0,935.4371812645754
530,ES,2000.0,gas,143.52147488869818,0.0,143.52147488869818
531,ES,2000.0,Electricity,864.8362207195034,303.3605567286183,1168.1967774481218
532,ES,2000.0,District heating,0.0,0.0,0.0
533,ES,2000.0,biomass,12.8646276425152,0.0,12.8646276425152
534,ES,2005.0,coal,0.0,0.0,0.0
535,ES,2005.0,fuel oil,1239.0751783609849,0.0,1239.0751783609849
536,ES,2005.0,gas,284.7136849712527,0.0,284.7136849712527
537,ES,2005.0,Electricity,416.3219650621666,116.16405267615308,532.4860177383197
538,ES,2005.0,District heating,0.0,0.0,0.0
539,ES,2005.0,biomass,16.54867612088846,0.0,16.54867612088846
540,ES,2010.0,coal,0.0,0.0,0.0
541,ES,2010.0,fuel oil,1018.4263008881877,0.0,1018.4263008881877
542,ES,2010.0,gas,398.03952137426904,0.0,398.03952137426904
543,ES,2010.0,Electricity,518.2673817177322,138.17116849915539,656.4385502168875
544,ES,2010.0,District heating,0.0,0.0,0.0
545,ES,2010.0,biomass,21.926300535103522,0.0,21.926300535103522
546,ES,2015.0,coal,0.0,0.0,0.0
547,ES,2015.0,fuel oil,1044.8999999282637,0.0,1044.8999999282637
548,ES,2015.0,gas,326.01654246515363,0.0,326.01654246515363
549,ES,2015.0,Electricity,559.188685177523,129.17449342644568,688.3631786039687
550,ES,2015.0,District heating,0.0,0.0,0.0
551,ES,2015.0,biomass,26.55427694435204,0.0,26.55427694435204
552,ES,2020.0,coal,0.0,0.0,0.0
553,ES,2020.0,fuel oil,1000.2922664564132,0.0,1000.2922664564132
554,ES,2020.0,gas,307.2079933652303,0.0,307.2079933652303
555,ES,2020.0,Electricity,620.8633928319676,135.6947306201277,756.5581234520953
556,ES,2020.0,District heating,0.0,0.0,0.0
557,ES,2020.0,biomass,28.29585186168094,0.0,28.29585186168094
558,ES,2025.0,coal,0.0,0.0,0.0
559,ES,2025.0,fuel oil,702.2547637751445,0.0,702.2547637751445
560,ES,2025.0,gas,349.5706067515532,0.0,349.5706067515532
561,ES,2025.0,Electricity,867.0268101823966,161.8105526318172,1028.8373628142137
562,ES,2025.0,District heating,0.0,0.0,0.0
563,ES,2025.0,biomass,37.80732380619784,0.0,37.80732380619784
564,ES,2030.0,coal,0.0,0.0,0.0
565,ES,2030.0,fuel oil,359.4079868123188,0.0,359.4079868123188
566,ES,2030.0,gas,366.7679505563491,0.0,366.7679505563491
567,ES,2030.0,Electricity,1175.0977464049413,169.9644040817078,1345.062150486649
568,ES,2030.0,District heating,0.0,0.0,0.0
569,ES,2030.0,biomass,55.38582074168327,0.0,55.38582074168327
570,ES,2035.0,coal,0.0,0.0,0.0
571,ES,2035.0,fuel oil,293.28329289049503,0.0,293.28329289049503
572,ES,2035.0,gas,349.68176562329046,0.0,349.68176562329046
573,ES,2035.0,Electricity,1256.94553991648,172.190373453029,1429.135913369509
574,ES,2035.0,District heating,0.0,0.0,0.0
575,ES,2035.0,biomass,56.74890608502718,0.0,56.74890608502718
576,ES,2040.0,coal,0.0,0.0,0.0
577,ES,2040.0,fuel oil,261.97004106668584,0.0,261.97004106668584
578,ES,2040.0,gas,328.57441984709794,0.0,328.57441984709794
579,ES,2040.0,Electricity,1311.8814078874134,175.78882297921493,1487.6702308666283
580,ES,2040.0,District heating,0.0,0.0,0.0
581,ES,2040.0,biomass,54.23363571409549,0.0,54.23363571409549
582,ES,2045.0,coal,0.0,0.0,0.0
583,ES,2045.0,fuel oil,239.1233786000959,0.0,239.1233786000959
584,ES,2045.0,gas,311.9619060917514,0.0,311.9619060917514
585,ES,2045.0,Electricity,1355.030479451173,179.02414945821982,1534.054628909393
586,ES,2045.0,District heating,0.0,0.0,0.0
587,ES,2045.0,biomass,50.5437403722719,0.0,50.5437403722719
588,ES,2050.0,coal,0.0,0.0,0.0
589,ES,2050.0,fuel oil,220.20108642115568,0.0,220.20108642115568
590,ES,2050.0,gas,311.4436902026067,0.0,311.4436902026067
591,ES,2050.0,Electricity,1378.1752399611964,179.1039890192503,1557.2792289804468
592,ES,2050.0,District heating,0.0,0.0,0.0
593,ES,2050.0,biomass,46.83948793033328,0.0,46.83948793033328
594,FR,2000.0,coal,0.0,0.0,0.0
595,FR,2000.0,fuel oil,982.821489390582,0.0,982.821489390582
596,FR,2000.0,gas,489.1316290510133,0.0,489.1316290510133
597,FR,2000.0,Electricity,1099.087118729776,100.2733564984829,1199.3604752282588
598,FR,2000.0,District heating,0.0,0.0,0.0
599,FR,2000.0,biomass,0.0,0.0,0.0
600,FR,2005.0,coal,0.0,0.0,0.0
601,FR,2005.0,fuel oil,1169.0884870483535,0.0,1169.0884870483535
602,FR,2005.0,gas,668.1020115419585,0.0,668.1020115419585
603,FR,2005.0,Electricity,733.8497385810595,56.03588966552677,789.8856282465862
604,FR,2005.0,District heating,0.0,0.0,0.0
605,FR,2005.0,biomass,0.0,0.0,0.0
606,FR,2010.0,coal,0.0,0.0,0.0
607,FR,2010.0,fuel oil,990.7146466167374,0.0,990.7146466167374
608,FR,2010.0,gas,683.4306378276316,0.0,683.4306378276316
609,FR,2010.0,Electricity,896.8949527270022,64.257376265607,961.1523289926092
610,FR,2010.0,District heating,0.0,0.0,0.0
611,FR,2010.0,biomass,0.0,0.0,0.0
612,FR,2015.0,coal,0.0,0.0,0.0
613,FR,2015.0,fuel oil,893.1999999340414,0.0,893.1999999340414
614,FR,2015.0,gas,663.2936525981002,0.0,663.2936525981002
615,FR,2015.0,Electricity,1014.5465846392299,58.25280099409784,1072.7993856333278
616,FR,2015.0,District heating,0.0,0.0,0.0
617,FR,2015.0,biomass,0.0,0.0,0.0
618,FR,2020.0,coal,0.0,0.0,0.0
619,FR,2020.0,fuel oil,766.810258185326,0.0,766.810258185326
620,FR,2020.0,gas,687.2540846507407,0.0,687.2540846507407
621,FR,2020.0,Electricity,1116.9758943353047,61.73661533577736,1178.712509671082
622,FR,2020.0,District heating,0.0,0.0,0.0
623,FR,2020.0,biomass,0.0,0.0,0.0
624,FR,2025.0,coal,0.0,0.0,0.0
625,FR,2025.0,fuel oil,534.9417374693745,0.0,534.9417374693745
626,FR,2025.0,gas,826.9628558940415,0.0,826.9628558940415
627,FR,2025.0,Electricity,1209.1356438079556,47.79160976524713,1256.9272535732027
628,FR,2025.0,District heating,0.0,0.0,0.0
629,FR,2025.0,biomass,0.0,0.0,0.0
630,FR,2030.0,coal,0.0,0.0,0.0
631,FR,2030.0,fuel oil,327.1204346763018,0.0,327.1204346763018
632,FR,2030.0,gas,702.4021414845456,0.0,702.4021414845456
633,FR,2030.0,Electricity,1541.5176610105243,49.56997167445409,1591.0876326849784
634,FR,2030.0,District heating,0.0,0.0,0.0
635,FR,2030.0,biomass,0.0,0.0,0.0
636,FR,2035.0,coal,0.0,0.0,0.0
637,FR,2035.0,fuel oil,266.93037493406143,0.0,266.93037493406143
638,FR,2035.0,gas,683.2529382360873,0.0,683.2529382360873
639,FR,2035.0,Electricity,1620.8569240012228,47.43201794675144,1668.288941947974
640,FR,2035.0,District heating,0.0,0.0,0.0
641,FR,2035.0,biomass,0.0,0.0,0.0
642,FR,2040.0,coal,0.0,0.0,0.0
643,FR,2040.0,fuel oil,243.3662435173159,0.0,243.3662435173159
644,FR,2040.0,gas,664.4611614601353,0.0,664.4611614601353
645,FR,2040.0,Electricity,1663.2128321939203,45.99388772753551,1709.206719921456
646,FR,2040.0,District heating,0.0,0.0,0.0
647,FR,2040.0,biomass,0.0,0.0,0.0
648,FR,2045.0,coal,0.0,0.0,0.0
649,FR,2045.0,fuel oil,223.88806537233677,0.0,223.88806537233677
650,FR,2045.0,gas,651.8787402461022,0.0,651.8787402461022
651,FR,2045.0,Electricity,1695.2734315529324,44.91784342355279,1740.1912749764851
652,FR,2045.0,District heating,0.0,0.0,0.0
653,FR,2045.0,biomass,0.0,0.0,0.0
654,FR,2050.0,coal,0.0,0.0,0.0
655,FR,2050.0,fuel oil,206.6200798083564,0.0,206.6200798083564
656,FR,2050.0,gas,642.9852439236356,0.0,642.9852439236356
657,FR,2050.0,Electricity,1721.4349134393792,44.165503820230484,1765.6004172596097
658,FR,2050.0,District heating,0.0,0.0,0.0
659,FR,2050.0,biomass,0.0,0.0,0.0
660,HR,2000.0,coal,0.0,0.0,0.0
661,HR,2000.0,fuel oil,0.0,0.0,0.0
662,HR,2000.0,gas,0.0,0.0,0.0
663,HR,2000.0,Electricity,0.0,0.0,0.0
664,HR,2000.0,District heating,0.0,0.0,0.0
665,HR,2000.0,biomass,0.0,0.0,0.0
666,HR,2005.0,coal,0.0,0.0,0.0
667,HR,2005.0,fuel oil,0.0,0.0,0.0
668,HR,2005.0,gas,0.0,0.0,0.0
669,HR,2005.0,Electricity,0.0,0.0,0.0
670,HR,2005.0,District heating,0.0,0.0,0.0
671,HR,2005.0,biomass,0.0,0.0,0.0
672,HR,2010.0,coal,0.0,0.0,0.0
673,HR,2010.0,fuel oil,0.0,0.0,0.0
674,HR,2010.0,gas,0.0,0.0,0.0
675,HR,2010.0,Electricity,0.0,0.0,0.0
676,HR,2010.0,District heating,0.0,0.0,0.0
677,HR,2010.0,biomass,0.0,0.0,0.0
678,HR,2015.0,coal,0.0,0.0,0.0
679,HR,2015.0,fuel oil,0.0,0.0,0.0
680,HR,2015.0,gas,0.0,0.0,0.0
681,HR,2015.0,Electricity,0.0,0.0,0.0
682,HR,2015.0,District heating,0.0,0.0,0.0
683,HR,2015.0,biomass,0.0,0.0,0.0
684,HR,2020.0,coal,0.0,0.0,0.0
685,HR,2020.0,fuel oil,0.0,0.0,0.0
686,HR,2020.0,gas,0.0,0.0,0.0
687,HR,2020.0,Electricity,0.0,0.0,0.0
688,HR,2020.0,District heating,0.0,0.0,0.0
689,HR,2020.0,biomass,0.0,0.0,0.0
690,HR,2025.0,coal,0.0,0.0,0.0
691,HR,2025.0,fuel oil,0.0,0.0,0.0
692,HR,2025.0,gas,0.0,0.0,0.0
693,HR,2025.0,Electricity,0.0,0.0,0.0
694,HR,2025.0,District heating,0.0,0.0,0.0
695,HR,2025.0,biomass,0.0,0.0,0.0
696,HR,2030.0,coal,0.0,0.0,0.0
697,HR,2030.0,fuel oil,0.0,0.0,0.0
698,HR,2030.0,gas,0.0,0.0,0.0
699,HR,2030.0,Electricity,0.0,0.0,0.0
700,HR,2030.0,District heating,0.0,0.0,0.0
701,HR,2030.0,biomass,0.0,0.0,0.0
702,HR,2035.0,coal,0.0,0.0,0.0
703,HR,2035.0,fuel oil,0.0,0.0,0.0
704,HR,2035.0,gas,0.0,0.0,0.0
705,HR,2035.0,Electricity,0.0,0.0,0.0
706,HR,2035.0,District heating,0.0,0.0,0.0
707,HR,2035.0,biomass,0.0,0.0,0.0
708,HR,2040.0,coal,0.0,0.0,0.0
709,HR,2040.0,fuel oil,0.0,0.0,0.0
710,HR,2040.0,gas,0.0,0.0,0.0
711,HR,2040.0,Electricity,0.0,0.0,0.0
712,HR,2040.0,District heating,0.0,0.0,0.0
713,HR,2040.0,biomass,0.0,0.0,0.0
714,HR,2045.0,coal,0.0,0.0,0.0
715,HR,2045.0,fuel oil,0.0,0.0,0.0
716,HR,2045.0,gas,0.0,0.0,0.0
717,HR,2045.0,Electricity,0.0,0.0,0.0
718,HR,2045.0,District heating,0.0,0.0,0.0
719,HR,2045.0,biomass,0.0,0.0,0.0
720,HR,2050.0,coal,0.0,0.0,0.0
721,HR,2050.0,fuel oil,0.0,0.0,0.0
722,HR,2050.0,gas,0.0,0.0,0.0
723,HR,2050.0,Electricity,0.0,0.0,0.0
724,HR,2050.0,District heating,0.0,0.0,0.0
725,HR,2050.0,biomass,0.0,0.0,0.0
726,IT,2000.0,coal,0.0,0.0,0.0
727,IT,2000.0,fuel oil,0.0,0.0,0.0
728,IT,2000.0,gas,0.0,0.0,0.0
729,IT,2000.0,Electricity,0.0,457.9448242004288,457.9448242004288
730,IT,2000.0,District heating,0.0,0.0,0.0
731,IT,2000.0,biomass,0.0,0.0,0.0
732,IT,2005.0,coal,0.0,0.0,0.0
733,IT,2005.0,fuel oil,0.0,0.0,0.0
734,IT,2005.0,gas,0.0,0.0,0.0
735,IT,2005.0,Electricity,0.0,289.37950144475644,289.37950144475644
736,IT,2005.0,District heating,0.0,0.0,0.0
737,IT,2005.0,biomass,0.0,0.0,0.0
738,IT,2010.0,coal,0.0,0.0,0.0
739,IT,2010.0,fuel oil,0.0,0.0,0.0
740,IT,2010.0,gas,0.0,0.0,0.0
741,IT,2010.0,Electricity,0.0,237.41354042983093,237.41354042983093
742,IT,2010.0,District heating,0.0,0.0,0.0
743,IT,2010.0,biomass,0.0,0.0,0.0
744,IT,2015.0,coal,0.0,0.0,0.0
745,IT,2015.0,fuel oil,0.0,0.0,0.0
746,IT,2015.0,gas,0.0,0.0,0.0
747,IT,2015.0,Electricity,0.0,134.22407633162024,134.22407633162024
748,IT,2015.0,District heating,0.0,0.0,0.0
749,IT,2015.0,biomass,0.0,0.0,0.0
750,IT,2020.0,coal,0.0,0.0,0.0
751,IT,2020.0,fuel oil,0.0,0.0,0.0
752,IT,2020.0,gas,0.0,0.0,0.0
753,IT,2020.0,Electricity,0.0,107.84689407565193,107.84689407565193
754,IT,2020.0,District heating,0.0,0.0,0.0
755,IT,2020.0,biomass,0.0,0.0,0.0
756,IT,2025.0,coal,0.0,0.0,0.0
757,IT,2025.0,fuel oil,0.0,0.0,0.0
758,IT,2025.0,gas,0.0,0.0,0.0
759,IT,2025.0,Electricity,0.0,139.02459689581642,139.02459689581642
760,IT,2025.0,District heating,0.0,0.0,0.0
761,IT,2025.0,biomass,0.0,0.0,0.0
762,IT,2030.0,coal,0.0,0.0,0.0
763,IT,2030.0,fuel oil,0.0,0.0,0.0
764,IT,2030.0,gas,0.0,0.0,0.0
765,IT,2030.0,Electricity,0.0,157.7573869685428,157.7573869685428
766,IT,2030.0,District heating,0.0,0.0,0.0
767,IT,2030.0,biomass,0.0,0.0,0.0
768,IT,2035.0,coal,0.0,0.0,0.0
769,IT,2035.0,fuel oil,0.0,0.0,0.0
770,IT,2035.0,gas,0.0,0.0,0.0
771,IT,2035.0,Electricity,0.0,168.0647494691495,168.0647494691495
772,IT,2035.0,District heating,0.0,0.0,0.0
773,IT,2035.0,biomass,0.0,0.0,0.0
774,IT,2040.0,coal,0.0,0.0,0.0
775,IT,2040.0,fuel oil,0.0,0.0,0.0
776,IT,2040.0,gas,0.0,0.0,0.0
777,IT,2040.0,Electricity,0.0,170.25854836368717,170.25854836368717
778,IT,2040.0,District heating,0.0,0.0,0.0
779,IT,2040.0,biomass,0.0,0.0,0.0
780,IT,2045.0,coal,0.0,0.0,0.0
781,IT,2045.0,fuel oil,0.0,0.0,0.0
782,IT,2045.0,gas,0.0,0.0,0.0
783,IT,2045.0,Electricity,0.0,174.47422397475484,174.47422397475484
784,IT,2045.0,District heating,0.0,0.0,0.0
785,IT,2045.0,biomass,0.0,0.0,0.0
786,IT,2050.0,coal,0.0,0.0,0.0
787,IT,2050.0,fuel oil,0.0,0.0,0.0
788,IT,2050.0,gas,0.0,0.0,0.0
789,IT,2050.0,Electricity,0.0,181.46367708741562,181.46367708741562
790,IT,2050.0,District heating,0.0,0.0,0.0
791,IT,2050.0,biomass,0.0,0.0,0.0
792,CY,2000.0,coal,0.0,0.0,0.0
793,CY,2000.0,fuel oil,28.431616288149506,0.0,28.431616288149506
794,CY,2000.0,gas,0.0,0.0,0.0
795,CY,2000.0,Electricity,25.570333051591476,16.726423250420055,42.29675630201153
796,CY,2000.0,District heating,0.0,0.0,0.0
797,CY,2000.0,biomass,0.23459582586516908,0.0,0.23459582586516908
798,CY,2005.0,coal,0.0,0.0,0.0
799,CY,2005.0,fuel oil,40.712047294158715,0.0,40.712047294158715
800,CY,2005.0,gas,0.0,0.0,0.0
801,CY,2005.0,Electricity,13.311142247657626,11.356911080437126,24.66805332809475
802,CY,2005.0,District heating,0.0,0.0,0.0
803,CY,2005.0,biomass,0.21335562378981673,0.0,0.21335562378981673
804,CY,2010.0,coal,0.0,0.0,0.0
805,CY,2010.0,fuel oil,36.797062711591025,0.0,36.797062711591025
806,CY,2010.0,gas,0.0,0.0,0.0
807,CY,2010.0,Electricity,17.088856370911902,12.696336970177564,29.785193341089467
808,CY,2010.0,District heating,0.0,0.0,0.0
809,CY,2010.0,biomass,0.3506260831032466,0.0,0.3506260831032466
810,CY,2015.0,coal,0.0,0.0,0.0
811,CY,2015.0,fuel oil,38.39999999736594,0.0,38.39999999736594
812,CY,2015.0,gas,0.0,0.0,0.0
813,CY,2015.0,Electricity,15.395474809968709,10.504769437793676,25.900244247762387
814,CY,2015.0,District heating,0.0,0.0,0.0
815,CY,2015.0,biomass,0.44107035827151364,0.0,0.44107035827151364
816,CY,2020.0,coal,0.0,0.0,0.0
817,CY,2020.0,fuel oil,34.95015552872019,0.0,34.95015552872019
818,CY,2020.0,gas,0.0,0.0,0.0
819,CY,2020.0,Electricity,18.653707269606425,13.03291004673182,31.686617316338243
820,CY,2020.0,District heating,0.0,0.0,0.0
821,CY,2020.0,biomass,0.6326823672795479,0.0,0.6326823672795479
822,CY,2025.0,coal,0.0,0.0,0.0
823,CY,2025.0,fuel oil,24.429373599357017,0.0,24.429373599357017
824,CY,2025.0,gas,0.0,0.0,0.0
825,CY,2025.0,Electricity,29.190089160213162,21.956053993689892,51.146143153903054
826,CY,2025.0,District heating,0.0,0.0,0.0
827,CY,2025.0,biomass,0.6170824060359826,0.0,0.6170824060359826
828,CY,2030.0,coal,0.0,0.0,0.0
829,CY,2030.0,fuel oil,19.006252339672674,0.0,19.006252339672674
830,CY,2030.0,gas,0.0,0.0,0.0
831,CY,2030.0,Electricity,34.64441994326423,27.59224527977862,62.23666522304285
832,CY,2030.0,District heating,0.0,0.0,0.0
833,CY,2030.0,biomass,0.585872882669256,0.0,0.585872882669256
834,CY,2035.0,coal,0.0,0.0,0.0
835,CY,2035.0,fuel oil,17.280008391667412,0.0,17.280008391667412
836,CY,2035.0,gas,0.0,0.0,0.0
837,CY,2035.0,Electricity,36.38892289038996,29.602641533876294,65.99156442426626
838,CY,2035.0,District heating,0.0,0.0,0.0
839,CY,2035.0,biomass,0.5676138835487816,0.0,0.5676138835487816
840,CY,2040.0,coal,0.0,0.0,0.0
841,CY,2040.0,fuel oil,15.139359802924718,0.0,15.139359802924718
842,CY,2040.0,gas,0.0,0.0,0.0
843,CY,2040.0,Electricity,38.588317971640414,32.12980886274912,70.71812683438954
844,CY,2040.0,District heating,0.0,0.0,0.0
845,CY,2040.0,biomass,0.5088673910410301,0.0,0.5088673910410301
846,CY,2045.0,coal,0.0,0.0,0.0
847,CY,2045.0,fuel oil,12.258475296952787,0.0,12.258475296952787
848,CY,2045.0,gas,0.0,0.0,0.0
849,CY,2045.0,Electricity,41.51736395918151,35.15575870077542,76.67312265995693
850,CY,2045.0,District heating,0.0,0.0,0.0
851,CY,2045.0,biomass,0.4607059094718614,0.0,0.4607059094718614
852,CY,2050.0,coal,0.0,0.0,0.0
853,CY,2050.0,fuel oil,11.910346614586327,0.0,11.910346614586327
854,CY,2050.0,gas,0.0,0.0,0.0
855,CY,2050.0,Electricity,41.87659655321192,35.96946621344972,77.84606276666165
856,CY,2050.0,District heating,0.0,0.0,0.0
857,CY,2050.0,biomass,0.4496019978079209,0.0,0.4496019978079209
858,LV,2000.0,coal,0.0,0.0,0.0
859,LV,2000.0,fuel oil,11.674419580833426,0.0,11.674419580833426
860,LV,2000.0,gas,16.54788150359653,0.0,16.54788150359653
861,LV,2000.0,Electricity,24.61961256307501,0.0,24.61961256307501
862,LV,2000.0,District heating,0.0,0.0,0.0
863,LV,2000.0,biomass,30.196572267836313,0.0,30.196572267836313
864,LV,2005.0,coal,0.0,0.0,0.0
865,LV,2005.0,fuel oil,11.483446664429161,0.0,11.483446664429161
866,LV,2005.0,gas,23.500235508102815,0.0,23.500235508102815
867,LV,2005.0,Electricity,17.006024603169738,0.0,17.006024603169738
868,LV,2005.0,District heating,0.0,0.0,0.0
869,LV,2005.0,biomass,31.048779139639574,0.0,31.048779139639574
870,LV,2010.0,coal,0.0,0.0,0.0
871,LV,2010.0,fuel oil,16.609847297774074,0.0,16.609847297774074
872,LV,2010.0,gas,29.77501005959196,0.0,29.77501005959196
873,LV,2010.0,Electricity,12.063394879146063,0.0,12.063394879146063
874,LV,2010.0,District heating,0.0,0.0,0.0
875,LV,2010.0,biomass,24.59023367882919,0.0,24.59023367882919
876,LV,2015.0,coal,0.0,0.0,0.0
877,LV,2015.0,fuel oil,18.499999998730907,0.0,18.499999998730907
878,LV,2015.0,gas,28.435584613433853,0.0,28.435584613433853
879,LV,2015.0,Electricity,13.266145308924989,0.0,13.266145308924989
880,LV,2015.0,District heating,0.0,0.0,0.0
881,LV,2015.0,biomass,22.836755994251536,0.0,22.836755994251536
882,LV,2020.0,coal,0.0,0.0,0.0
883,LV,2020.0,fuel oil,18.029767231587783,0.0,18.029767231587783
884,LV,2020.0,gas,30.40864066341892,0.0,30.40864066341892
885,LV,2020.0,Electricity,11.087110291032698,0.0,11.087110291032698
886,LV,2020.0,District heating,0.0,0.0,0.0
887,LV,2020.0,biomass,23.512967729301895,0.0,23.512967729301895
888,LV,2025.0,coal,0.0,0.0,0.0
889,LV,2025.0,fuel oil,8.38837698793623,0.0,8.38837698793623
890,LV,2025.0,gas,20.700975657679603,0.0,20.700975657679603
891,LV,2025.0,Electricity,22.762489216670886,0.0,22.762489216670886
892,LV,2025.0,District heating,0.0,0.0,0.0
893,LV,2025.0,biomass,31.186644053054565,0.0,31.186644053054565
894,LV,2030.0,coal,0.0,0.0,0.0
895,LV,2030.0,fuel oil,6.007203298143115,0.0,6.007203298143115
896,LV,2030.0,gas,17.6603579226113,0.0,17.6603579226113
897,LV,2030.0,Electricity,25.371879093732918,0.0,25.371879093732918
898,LV,2030.0,District heating,0.0,0.0,0.0
899,LV,2030.0,biomass,33.99904560085396,0.0,33.99904560085396
900,LV,2035.0,coal,0.0,0.0,0.0
901,LV,2035.0,fuel oil,4.694985441699479,0.0,4.694985441699479
902,LV,2035.0,gas,17.10276304556875,0.0,17.10276304556875
903,LV,2035.0,Electricity,25.107563655112482,0.0,25.107563655112482
904,LV,2035.0,District heating,0.0,0.0,0.0
905,LV,2035.0,biomass,36.13317377296059,0.0,36.13317377296059
906,LV,2040.0,coal,0.0,0.0,0.0
907,LV,2040.0,fuel oil,3.9181212820366205,0.0,3.9181212820366205
908,LV,2040.0,gas,16.439138349491422,0.0,16.439138349491422
909,LV,2040.0,Electricity,26.92395114036012,0.0,26.92395114036012
910,LV,2040.0,District heating,0.0,0.0,0.0
911,LV,2040.0,biomass,35.75727514345313,0.0,35.75727514345313
912,LV,2045.0,coal,0.0,0.0,0.0
913,LV,2045.0,fuel oil,3.102352125047113,0.0,3.102352125047113
914,LV,2045.0,gas,15.235749719285282,0.0,15.235749719285282
915,LV,2045.0,Electricity,31.607756351806348,0.0,31.607756351806348
916,LV,2045.0,District heating,0.0,0.0,0.0
917,LV,2045.0,biomass,33.09262771920254,0.0,33.09262771920254
918,LV,2050.0,coal,0.0,0.0,0.0
919,LV,2050.0,fuel oil,2.3880225019612817,0.0,2.3880225019612817
920,LV,2050.0,gas,15.057843622664638,0.0,15.057843622664638
921,LV,2050.0,Electricity,32.90642101104591,0.0,32.90642101104591
922,LV,2050.0,District heating,0.0,0.0,0.0
923,LV,2050.0,biomass,32.68619877966947,0.0,32.68619877966947
924,LT,2000.0,coal,0.0,0.0,0.0
925,LT,2000.0,fuel oil,34.220546920751865,0.0,34.220546920751865
926,LT,2000.0,gas,15.049460156354561,0.0,15.049460156354561
927,LT,2000.0,Electricity,32.45550827736823,0.0,32.45550827736823
928,LT,2000.0,District heating,0.0,0.0,0.0
929,LT,2000.0,biomass,5.7129979068157075,0.0,5.7129979068157075
930,LT,2005.0,coal,0.0,0.0,0.0
931,LT,2005.0,fuel oil,39.685872957936695,0.0,39.685872957936695
932,LT,2005.0,gas,27.737981970576467,0.0,27.737981970576467
933,LT,2005.0,Electricity,11.419076539260699,0.0,11.419076539260699
934,LT,2005.0,District heating,0.0,0.0,0.0
935,LT,2005.0,biomass,8.595581793516498,0.0,8.595581793516498
936,LT,2010.0,coal,0.0,0.0,0.0
937,LT,2010.0,fuel oil,30.8261174523826,0.0,30.8261174523826
938,LT,2010.0,gas,34.02437057173779,0.0,34.02437057173779
939,LT,2010.0,Electricity,13.34347917888409,0.0,13.34347917888409
940,LT,2010.0,District heating,0.0,0.0,0.0
941,LT,2010.0,biomass,9.244546058285875,0.0,9.244546058285875
942,LT,2015.0,coal,0.0,0.0,0.0
943,LT,2015.0,fuel oil,31.699999997825355,0.0,31.699999997825355
944,LT,2015.0,gas,31.217872785662742,0.0,31.217872785662742
945,LT,2015.0,Electricity,15.156683706952075,0.0,15.156683706952075
946,LT,2015.0,District heating,0.0,0.0,0.0
947,LT,2015.0,biomass,9.363956770850196,0.0,9.363956770850196
948,LT,2020.0,coal,0.0,0.0,0.0
949,LT,2020.0,fuel oil,33.20902747282932,0.0,33.20902747282932
950,LT,2020.0,gas,35.0046813266936,0.0,35.0046813266936
951,LT,2020.0,Electricity,12.972135312120999,0.0,12.972135312120999
952,LT,2020.0,District heating,0.0,0.0,0.0
953,LT,2020.0,biomass,6.252669149646447,0.0,6.252669149646447
954,LT,2025.0,coal,0.0,0.0,0.0
955,LT,2025.0,fuel oil,22.680576174751486,0.0,22.680576174751486
956,LT,2025.0,gas,10.60823500328556,0.0,10.60823500328556
957,LT,2025.0,Electricity,42.86719616941488,0.0,42.86719616941488
958,LT,2025.0,District heating,0.0,0.0,0.0
959,LT,2025.0,biomass,11.282505913838444,0.0,11.282505913838444
960,LT,2030.0,coal,0.0,0.0,0.0
961,LT,2030.0,fuel oil,0.9898444078324853,0.0,0.9898444078324853
962,LT,2030.0,gas,4.696244904049081,0.0,4.696244904049081
963,LT,2030.0,Electricity,53.653518948294604,0.0,53.653518948294604
964,LT,2030.0,District heating,0.0,0.0,0.0
965,LT,2030.0,biomass,13.073121925952563,0.0,13.073121925952563
966,LT,2035.0,coal,0.0,0.0,0.0
967,LT,2035.0,fuel oil,0.6615308449660223,0.0,0.6615308449660223
968,LT,2035.0,gas,4.69086208211317,0.0,4.69086208211317
969,LT,2035.0,Electricity,56.77559142043886,0.0,56.77559142043886
970,LT,2035.0,District heating,0.0,0.0,0.0
971,LT,2035.0,biomass,14.152099823407394,0.0,14.152099823407394
972,LT,2040.0,coal,0.0,0.0,0.0
973,LT,2040.0,fuel oil,0.6257040385766508,0.0,0.6257040385766508
974,LT,2040.0,gas,4.340998650252355,0.0,4.340998650252355
975,LT,2040.0,Electricity,58.85581617682599,0.0,58.85581617682599
976,LT,2040.0,District heating,0.0,0.0,0.0
977,LT,2040.0,biomass,13.350364989920086,0.0,13.350364989920086
978,LT,2045.0,coal,0.0,0.0,0.0
979,LT,2045.0,fuel oil,0.43273295466861406,0.0,0.43273295466861406
980,LT,2045.0,gas,4.072485058628458,0.0,4.072485058628458
981,LT,2045.0,Electricity,63.53298684567514,0.0,63.53298684567514
982,LT,2045.0,District heating,0.0,0.0,0.0
983,LT,2045.0,biomass,12.68961593052118,0.0,12.68961593052118
984,LT,2050.0,coal,0.0,0.0,0.0
985,LT,2050.0,fuel oil,0.3901475085450298,0.0,0.3901475085450298
986,LT,2050.0,gas,4.086066176038087,0.0,4.086066176038087
987,LT,2050.0,Electricity,64.36839125906278,0.0,64.36839125906278
988,LT,2050.0,District heating,0.0,0.0,0.0
989,LT,2050.0,biomass,12.615767950210522,0.0,12.615767950210522
990,LU,2000.0,coal,0.0,0.0,0.0
991,LU,2000.0,fuel oil,0.0,0.0,0.0
992,LU,2000.0,gas,2.722353173987776,0.0,2.722353173987776
993,LU,2000.0,Electricity,9.610896005430359,3.384658354313946,12.995554359744304
994,LU,2000.0,District heating,0.0,0.0,0.0
995,LU,2000.0,biomass,0.0,0.0,0.0
996,LU,2005.0,coal,0.0,0.0,0.0
997,LU,2005.0,fuel oil,0.0,0.0,0.0
998,LU,2005.0,gas,4.995377199730871,0.0,4.995377199730871
999,LU,2005.0,Electricity,7.3378719796872645,1.8332785460004553,9.17115052568772
1000,LU,2005.0,District heating,0.0,0.0,0.0
1001,LU,2005.0,biomass,0.0,0.0,0.0
1002,LU,2010.0,coal,0.0,0.0,0.0
1003,LU,2010.0,fuel oil,0.0,0.0,0.0
1004,LU,2010.0,gas,6.605214678414594,0.0,6.605214678414594
1005,LU,2010.0,Electricity,5.728034501003542,1.217164214402238,6.94519871540578
1006,LU,2010.0,District heating,0.0,0.0,0.0
1007,LU,2010.0,biomass,0.0,0.0,0.0
1008,LU,2015.0,coal,0.0,0.0,0.0
1009,LU,2015.0,fuel oil,0.0,0.0,0.0
1010,LU,2015.0,gas,6.3164857707399555,0.0,6.3164857707399555
1011,LU,2015.0,Electricity,6.016763408678179,1.2904319914449798,7.30719540012316
1012,LU,2015.0,District heating,0.0,0.0,0.0
1013,LU,2015.0,biomass,0.0,0.0,0.0
1014,LU,2020.0,coal,0.0,0.0,0.0
1015,LU,2020.0,fuel oil,0.0,0.0,0.0
1016,LU,2020.0,gas,7.015382223346828,0.0,7.015382223346828
1017,LU,2020.0,Electricity,5.317866956071304,1.1576559184643438,6.475522874535648
1018,LU,2020.0,District heating,0.0,0.0,0.0
1019,LU,2020.0,biomass,0.0,0.0,0.0
1020,LU,2025.0,coal,0.0,0.0,0.0
1021,LU,2025.0,fuel oil,0.0,0.0,0.0
1022,LU,2025.0,gas,3.480404859665197,0.0,3.480404859665197
1023,LU,2025.0,Electricity,8.852844319752938,2.617310592894536,11.470154912647473
1024,LU,2025.0,District heating,0.0,0.0,0.0
1025,LU,2025.0,biomass,0.0,0.0,0.0
1026,LU,2030.0,coal,0.0,0.0,0.0
1027,LU,2030.0,fuel oil,0.0,0.0,0.0
1028,LU,2030.0,gas,2.9346108063134944,0.0,2.9346108063134944
1029,LU,2030.0,Electricity,9.39863837310464,2.629367359479228,12.028005732583868
1030,LU,2030.0,District heating,0.0,0.0,0.0
1031,LU,2030.0,biomass,0.0,0.0,0.0
1032,LU,2035.0,coal,0.0,0.0,0.0
1033,LU,2035.0,fuel oil,0.0,0.0,0.0
1034,LU,2035.0,gas,2.95693405375295,0.0,2.95693405375295
1035,LU,2035.0,Electricity,9.376315125665185,2.6282105179010307,12.004525643566215
1036,LU,2035.0,District heating,0.0,0.0,0.0
1037,LU,2035.0,biomass,0.0,0.0,0.0
1038,LU,2040.0,coal,0.0,0.0,0.0
1039,LU,2040.0,fuel oil,0.0,0.0,0.0
1040,LU,2040.0,gas,2.9884339394030515,0.0,2.9884339394030515
1041,LU,2040.0,Electricity,9.344815240015082,2.5951916342369383,11.94000687425202
1042,LU,2040.0,District heating,0.0,0.0,0.0
1043,LU,2040.0,biomass,0.0,0.0,0.0
1044,LU,2045.0,coal,0.0,0.0,0.0
1045,LU,2045.0,fuel oil,0.0,0.0,0.0
1046,LU,2045.0,gas,3.200256525771672,0.0,3.200256525771672
1047,LU,2045.0,Electricity,9.132992653646463,2.4676662510612553,11.600658904707718
1048,LU,2045.0,District heating,0.0,0.0,0.0
1049,LU,2045.0,biomass,0.0,0.0,0.0
1050,LU,2050.0,coal,0.0,0.0,0.0
1051,LU,2050.0,fuel oil,0.0,0.0,0.0
1052,LU,2050.0,gas,3.3558463823405043,0.0,3.3558463823405043
1053,LU,2050.0,Electricity,8.97740279707763,2.395900348373017,11.373303145450647
1054,LU,2050.0,District heating,0.0,0.0,0.0
1055,LU,2050.0,biomass,0.0,0.0,0.0
1056,HU,2000.0,coal,0.0,0.0,0.0
1057,HU,2000.0,fuel oil,154.14417772923505,0.0,154.14417772923505
1058,HU,2000.0,gas,110.90025021342475,0.0,110.90025021342475
1059,HU,2000.0,Electricity,39.36916788210009,14.333318242010696,53.70248612411079
1060,HU,2000.0,District heating,0.0,0.0,0.0
1061,HU,2000.0,biomass,0.07739420286845256,0.0,0.07739420286845256
1062,HU,2005.0,coal,0.0,0.0,0.0
1063,HU,2005.0,fuel oil,110.60403024894303,0.0,110.60403024894303
1064,HU,2005.0,gas,173.87495703734055,0.0,173.87495703734055
1065,HU,2005.0,Electricity,19.85130007684055,5.985478373139345,25.836778449979892
1066,HU,2005.0,District heating,0.0,0.0,0.0
1067,HU,2005.0,biomass,0.1607026645042294,0.0,0.1607026645042294
1068,HU,2010.0,coal,0.0,0.0,0.0
1069,HU,2010.0,fuel oil,97.94858117006531,0.0,97.94858117006531
1070,HU,2010.0,gas,178.70633389261354,0.0,178.70633389261354
1071,HU,2010.0,Electricity,27.507047666734266,6.6963446498055665,34.20339231653983
1072,HU,2010.0,District heating,0.0,0.0,0.0
1073,HU,2010.0,biomass,0.3290272982152542,0.0,0.3290272982152542
1074,HU,2015.0,coal,0.0,0.0,0.0
1075,HU,2015.0,fuel oil,72.99999999499174,0.0,72.99999999499174
1076,HU,2015.0,gas,195.49723601486352,0.0,195.49723601486352
1077,HU,2015.0,Electricity,35.4893458781817,6.36170567323337,41.85105155141507
1078,HU,2015.0,District heating,0.0,0.0,0.0
1079,HU,2015.0,biomass,0.5044081395914187,0.0,0.5044081395914187
1080,HU,2020.0,coal,0.0,0.0,0.0
1081,HU,2020.0,fuel oil,70.97831519053858,0.0,70.97831519053858
1082,HU,2020.0,gas,199.14965353549093,0.0,199.14965353549093
1083,HU,2020.0,Electricity,33.99668238897616,6.842051960571678,40.83873434954784
1084,HU,2020.0,District heating,0.0,0.0,0.0
1085,HU,2020.0,biomass,0.3663389126226954,0.0,0.3663389126226954
1086,HU,2025.0,coal,0.0,0.0,0.0
1087,HU,2025.0,fuel oil,1.41766551849124,0.0,1.41766551849124
1088,HU,2025.0,gas,231.21886584831236,0.0,231.21886584831236
1089,HU,2025.0,Electricity,46.33632549122037,8.044963461480021,54.381288952700395
1090,HU,2025.0,District heating,0.0,0.0,0.0
1091,HU,2025.0,biomass,0.4281995716730166,0.0,0.4281995716730166
1092,HU,2030.0,coal,0.0,0.0,0.0
1093,HU,2030.0,fuel oil,1.1781251116561973,0.0,1.1781251116561973
1094,HU,2030.0,gas,221.40486919351878,0.0,221.40486919351878
1095,HU,2030.0,Electricity,58.915604562090884,9.162317156006175,68.07792171809706
1096,HU,2030.0,District heating,0.0,0.0,0.0
1097,HU,2030.0,biomass,0.5168888126067875,0.0,0.5168888126067875
1098,HU,2035.0,coal,0.0,0.0,0.0
1099,HU,2035.0,fuel oil,0.350767747339423,0.0,0.350767747339423
1100,HU,2035.0,gas,221.34879220720694,0.0,221.34879220720694
1101,HU,2035.0,Electricity,74.86750755007712,10.492677512637771,85.36018506271489
1102,HU,2035.0,District heating,0.0,0.0,0.0
1103,HU,2035.0,biomass,0.5742287056881437,0.0,0.5742287056881437
1104,HU,2040.0,coal,0.0,0.0,0.0
1105,HU,2040.0,fuel oil,0.20212981085356344,0.0,0.20212981085356344
1106,HU,2040.0,gas,210.4675129255353,0.0,210.4675129255353
1107,HU,2040.0,Electricity,88.81359291787452,11.614612533288518,100.42820545116304
1108,HU,2040.0,District heating,0.0,0.0,0.0
1109,HU,2040.0,biomass,0.6129227014881629,0.0,0.6129227014881629
1110,HU,2045.0,coal,0.0,0.0,0.0
1111,HU,2045.0,fuel oil,0.028643460740473047,0.0,0.028643460740473047
1112,HU,2045.0,gas,207.98164822257516,0.0,207.98164822257516
1113,HU,2045.0,Electricity,95.23938747531733,12.335451780802357,107.57483925611969
1114,HU,2045.0,District heating,0.0,0.0,0.0
1115,HU,2045.0,biomass,0.6174639047309499,0.0,0.6174639047309499
1116,HU,2050.0,coal,0.0,0.0,0.0
1117,HU,2050.0,fuel oil,0.028378206315696895,0.0,0.028378206315696895
1118,HU,2050.0,gas,206.86138958572283,0.0,206.86138958572283
1119,HU,2050.0,Electricity,96.36691530653093,12.518515141935525,108.88543044846645
1120,HU,2050.0,District heating,0.0,0.0,0.0
1121,HU,2050.0,biomass,0.6169075604865117,0.0,0.6169075604865117
1122,MT,2000.0,coal,0.0,0.0,0.0
1123,MT,2000.0,fuel oil,14.213062458063908,0.0,14.213062458063908
1124,MT,2000.0,gas,0.0,0.0,0.0
1125,MT,2000.0,Electricity,0.813060406203469,7.944105972464166,8.757166378667634
1126,MT,2000.0,District heating,0.0,0.0,0.0
1127,MT,2000.0,biomass,0.0,0.0,0.0
1128,MT,2005.0,coal,0.0,0.0,0.0
1129,MT,2005.0,fuel oil,14.31384970817935,0.0,14.31384970817935
1130,MT,2005.0,gas,0.0,0.0,0.0
1131,MT,2005.0,Electricity,0.7122731560880259,4.484692518165673,5.196965674253699
1132,MT,2005.0,District heating,0.0,0.0,0.0
1133,MT,2005.0,biomass,0.0,0.0,0.0
1134,MT,2010.0,coal,0.0,0.0,0.0
1135,MT,2010.0,fuel oil,5.489387634537134,0.0,5.489387634537134
1136,MT,2010.0,gas,0.0,0.0,0.0
1137,MT,2010.0,Electricity,0.7374719375785759,3.5873625855317073,4.324834523110283
1138,MT,2010.0,District heating,0.0,0.0,0.0
1139,MT,2010.0,biomass,0.0,0.0,0.0
1140,MT,2015.0,coal,0.0,0.0,0.0
1141,MT,2015.0,fuel oil,14.299999999019066,0.0,14.299999999019066
1142,MT,2015.0,gas,0.0,0.0,0.0
1143,MT,2015.0,Electricity,0.7261228652483109,4.308464323957505,5.034587189205816
1144,MT,2015.0,District heating,0.0,0.0,0.0
1145,MT,2015.0,biomass,0.0,0.0,0.0
1146,MT,2020.0,coal,0.0,0.0,0.0
1147,MT,2020.0,fuel oil,14.238041034043754,0.0,14.238041034043754
1148,MT,2020.0,gas,0.0,0.0,0.0
1149,MT,2020.0,Electricity,0.7880818302236232,4.483800584504342,5.2718824147279655
1150,MT,2020.0,District heating,0.0,0.0,0.0
1151,MT,2020.0,biomass,0.0,0.0,0.0
1152,MT,2025.0,coal,0.0,0.0,0.0
1153,MT,2025.0,fuel oil,14.120906062645032,0.0,14.120906062645032
1154,MT,2025.0,gas,0.0,0.0,0.0
1155,MT,2025.0,Electricity,0.9052168016223447,4.927623362750459,5.832840164372803
1156,MT,2025.0,District heating,0.0,0.0,0.0
1157,MT,2025.0,biomass,0.0,0.0,0.0
1158,MT,2030.0,coal,0.0,0.0,0.0
1159,MT,2030.0,fuel oil,14.11107741079713,0.0,14.11107741079713
1160,MT,2030.0,gas,0.0,0.0,0.0
1161,MT,2030.0,Electricity,0.9150454534702483,4.822940201357691,5.7379856548279395
1162,MT,2030.0,District heating,0.0,0.0,0.0
1163,MT,2030.0,biomass,0.0,0.0,0.0
1164,MT,2035.0,coal,0.0,0.0,0.0
1165,MT,2035.0,fuel oil,14.004419932214578,0.0,14.004419932214578
1166,MT,2035.0,gas,0.0,0.0,0.0
1167,MT,2035.0,Electricity,1.0217029320527977,5.360491576419849,6.382194508472647
1168,MT,2035.0,District heating,0.0,0.0,0.0
1169,MT,2035.0,biomass,0.0,0.0,0.0
1170,MT,2040.0,coal,0.0,0.0,0.0
1171,MT,2040.0,fuel oil,13.992512814235603,0.0,13.992512814235603
1172,MT,2040.0,gas,0.0,0.0,0.0
1173,MT,2040.0,Electricity,1.0336100500317729,5.362230390301193,6.395840440332966
1174,MT,2040.0,District heating,0.0,0.0,0.0
1175,MT,2040.0,biomass,0.0,0.0,0.0
1176,MT,2045.0,coal,0.0,0.0,0.0
1177,MT,2045.0,fuel oil,13.924897060285597,0.0,13.924897060285597
1178,MT,2045.0,gas,0.0,0.0,0.0
1179,MT,2045.0,Electricity,1.1012258039817786,5.538555662175967,6.6397814661577454
1180,MT,2045.0,District heating,0.0,0.0,0.0
1181,MT,2045.0,biomass,0.0,0.0,0.0
1182,MT,2050.0,coal,0.0,0.0,0.0
1183,MT,2050.0,fuel oil,13.909675613960593,0.0,13.909675613960593
1184,MT,2050.0,gas,0.0,0.0,0.0
1185,MT,2050.0,Electricity,1.1164472503067835,5.606033705083293,6.722480955390076
1186,MT,2050.0,District heating,0.0,0.0,0.0
1187,MT,2050.0,biomass,0.0,0.0,0.0
1188,NL,2000.0,coal,0.0,0.0,0.0
1189,NL,2000.0,fuel oil,16.166845029549176,0.0,16.166845029549176
1190,NL,2000.0,gas,59.46657621551652,0.0,59.46657621551652
1191,NL,2000.0,Electricity,158.21687258142862,99.22918492415427,257.44605750558287
1192,NL,2000.0,District heating,0.0,0.0,0.0
1193,NL,2000.0,biomass,0.0,0.0,0.0
1194,NL,2005.0,coal,0.0,0.0,0.0
1195,NL,2005.0,fuel oil,25.599082475879545,0.0,25.599082475879545
1196,NL,2005.0,gas,154.23024516178563,0.0,154.23024516178563
1197,NL,2005.0,Electricity,54.0209661888291,12.611967017244691,66.63293320607379
1198,NL,2005.0,District heating,0.0,0.0,0.0
1199,NL,2005.0,biomass,0.0,0.0,0.0
1200,NL,2010.0,coal,0.0,0.0,0.0
1201,NL,2010.0,fuel oil,23.649100859772837,0.0,23.649100859772837
1202,NL,2010.0,gas,159.5871650658045,0.0,159.5871650658045
1203,NL,2010.0,Electricity,50.61402790091697,13.505497660848583,64.11952556176556
1204,NL,2010.0,District heating,0.0,0.0,0.0
1205,NL,2010.0,biomass,0.0,0.0,0.0
1206,NL,2015.0,coal,0.0,0.0,0.0
1207,NL,2015.0,fuel oil,23.69999999837423,0.0,23.69999999837423
1208,NL,2015.0,gas,141.3627089637796,0.0,141.3627089637796
1209,NL,2015.0,Electricity,68.78758486434042,14.533684462019865,83.32126932636028
1210,NL,2015.0,District heating,0.0,0.0,0.0
1211,NL,2015.0,biomass,0.0,0.0,0.0
1212,NL,2020.0,coal,0.0,0.0,0.0
1213,NL,2020.0,fuel oil,22.56184420508235,0.0,22.56184420508235
1214,NL,2020.0,gas,138.558330765626,0.0,138.558330765626
1215,NL,2020.0,Electricity,72.73011885578597,15.792015076665852,88.52213393245182
1216,NL,2020.0,District heating,0.0,0.0,0.0
1217,NL,2020.0,biomass,0.0,0.0,0.0
1218,NL,2025.0,coal,0.0,0.0,0.0
1219,NL,2025.0,fuel oil,15.48051333278117,0.0,15.48051333278117
1220,NL,2025.0,gas,109.78101731369281,0.0,109.78101731369281
1221,NL,2025.0,Electricity,108.58876318002032,27.205414578730764,135.7941777587511
1222,NL,2025.0,District heating,0.0,0.0,0.0
1223,NL,2025.0,biomass,0.0,0.0,0.0
1224,NL,2030.0,coal,0.0,0.0,0.0
1225,NL,2030.0,fuel oil,12.852867214048846,0.0,12.852867214048846
1226,NL,2030.0,gas,54.07706246649854,0.0,54.07706246649854
1227,NL,2030.0,Electricity,166.92036414594693,61.95705328989767,228.87741743584462
1228,NL,2030.0,District heating,0.0,0.0,0.0
1229,NL,2030.0,biomass,0.0,0.0,0.0
1230,NL,2035.0,coal,0.0,0.0,0.0
1231,NL,2035.0,fuel oil,10.059952750215935,0.0,10.059952750215935
1232,NL,2035.0,gas,53.20686726036681,0.0,53.20686726036681
1233,NL,2035.0,Electricity,170.58347381591156,62.97101036148461,233.55448417739618
1234,NL,2035.0,District heating,0.0,0.0,0.0
1235,NL,2035.0,biomass,0.0,0.0,0.0
1236,NL,2040.0,coal,0.0,0.0,0.0
1237,NL,2040.0,fuel oil,9.789329605248419,0.0,9.789329605248419
1238,NL,2040.0,gas,51.01964422669899,0.0,51.01964422669899
1239,NL,2040.0,Electricity,173.04131999454688,64.46829496372415,237.50961495827102
1240,NL,2040.0,District heating,0.0,0.0,0.0
1241,NL,2040.0,biomass,0.0,0.0,0.0
1242,NL,2045.0,coal,0.0,0.0,0.0
1243,NL,2045.0,fuel oil,9.587407711190325,0.0,9.587407711190325
1244,NL,2045.0,gas,49.825897109712315,0.0,49.825897109712315
1245,NL,2045.0,Electricity,174.43698900559164,65.91959623346368,240.35658523905533
1246,NL,2045.0,District heating,0.0,0.0,0.0
1247,NL,2045.0,biomass,0.0,0.0,0.0
1248,NL,2050.0,coal,0.0,0.0,0.0
1249,NL,2050.0,fuel oil,10.766120864061868,0.0,10.766120864061868
1250,NL,2050.0,gas,48.266411604879785,0.0,48.266411604879785
1251,NL,2050.0,Electricity,174.81776135755263,67.0903817210031,241.90814307855572
1252,NL,2050.0,District heating,0.0,0.0,0.0
1253,NL,2050.0,biomass,0.0,0.0,0.0
1254,AT,2000.0,coal,0.0,0.0,0.0
1255,AT,2000.0,fuel oil,43.43140757071305,0.0,43.43140757071305
1256,AT,2000.0,gas,5.328344409870213,0.0,5.328344409870213
1257,AT,2000.0,Electricity,158.19323088356126,0.0,158.19323088356126
1258,AT,2000.0,District heating,0.0,0.0,0.0
1259,AT,2000.0,biomass,5.631188493836248,0.0,5.631188493836248
1260,AT,2005.0,coal,0.0,0.0,0.0
1261,AT,2005.0,fuel oil,47.36530703924019,0.0,47.36530703924019
1262,AT,2005.0,gas,9.86710275304659,0.0,9.86710275304659
1263,AT,2005.0,Electricity,148.6694295059502,0.0,148.6694295059502
1264,AT,2005.0,District heating,0.0,0.0,0.0
1265,AT,2005.0,biomass,6.682332059743808,0.0,6.682332059743808
1266,AT,2010.0,coal,0.0,0.0,0.0
1267,AT,2010.0,fuel oil,43.05176198741729,0.0,43.05176198741729
1268,AT,2010.0,gas,10.000349923947333,0.0,10.000349923947333
1269,AT,2010.0,Electricity,151.610738421956,0.0,151.610738421956
1270,AT,2010.0,District heating,0.0,0.0,0.0
1271,AT,2010.0,biomass,7.921321024660134,0.0,7.921321024660134
1272,AT,2015.0,coal,0.0,0.0,0.0
1273,AT,2015.0,fuel oil,37.499999997427494,0.0,37.499999997427494
1274,AT,2015.0,gas,9.76858915801499,0.0,9.76858915801499
1275,AT,2015.0,Electricity,155.94366692926752,0.0,155.94366692926752
1276,AT,2015.0,District heating,0.0,0.0,0.0
1277,AT,2015.0,biomass,9.371915273270753,0.0,9.371915273270753
1278,AT,2020.0,coal,0.0,0.0,0.0
1279,AT,2020.0,fuel oil,44.28490844557989,0.0,44.28490844557989
1280,AT,2020.0,gas,11.75867170284371,0.0,11.75867170284371
1281,AT,2020.0,Electricity,146.0139420485454,0.0,146.0139420485454
1282,AT,2020.0,District heating,0.0,0.0,0.0
1283,AT,2020.0,biomass,10.526649161011743,0.0,10.526649161011743
1284,AT,2025.0,coal,0.0,0.0,0.0
1285,AT,2025.0,fuel oil,40.33570380652783,0.0,40.33570380652783
1286,AT,2025.0,gas,14.235923852992642,0.0,14.235923852992642
1287,AT,2025.0,Electricity,147.04475195231498,0.0,147.04475195231498
1288,AT,2025.0,District heating,0.0,0.0,0.0
1289,AT,2025.0,biomass,10.967791746145327,0.0,10.967791746145327
1290,AT,2030.0,coal,0.0,0.0,0.0
1291,AT,2030.0,fuel oil,36.783743117332406,0.0,36.783743117332406
1292,AT,2030.0,gas,16.244228492715926,0.0,16.244228492715926
1293,AT,2030.0,Electricity,146.89675548677613,0.0,146.89675548677613
1294,AT,2030.0,District heating,0.0,0.0,0.0
1295,AT,2030.0,biomass,12.659444261156306,0.0,12.659444261156306
1296,AT,2035.0,coal,0.0,0.0,0.0
1297,AT,2035.0,fuel oil,32.5888605049438,0.0,32.5888605049438
1298,AT,2035.0,gas,19.260997287265756,0.0,19.260997287265756
1299,AT,2035.0,Electricity,147.01573705949136,0.0,147.01573705949136
1300,AT,2035.0,District heating,0.0,0.0,0.0
1301,AT,2035.0,biomass,13.718576506279856,0.0,13.718576506279856
1302,AT,2040.0,coal,0.0,0.0,0.0
1303,AT,2040.0,fuel oil,27.27398288804675,0.0,27.27398288804675
1304,AT,2040.0,gas,19.930812752142042,0.0,19.930812752142042
1305,AT,2040.0,Electricity,151.525359114934,0.0,151.525359114934
1306,AT,2040.0,District heating,0.0,0.0,0.0
1307,AT,2040.0,biomass,13.854016602857985,0.0,13.854016602857985
1308,AT,2045.0,coal,0.0,0.0,0.0
1309,AT,2045.0,fuel oil,24.787881593676367,0.0,24.787881593676367
1310,AT,2045.0,gas,19.61829847598829,0.0,19.61829847598829
1311,AT,2045.0,Electricity,154.74906755678907,0.0,154.74906755678907
1312,AT,2045.0,District heating,0.0,0.0,0.0
1313,AT,2045.0,biomass,13.428923731527014,0.0,13.428923731527014
1314,AT,2050.0,coal,0.0,0.0,0.0
1315,AT,2050.0,fuel oil,23.133543479384453,0.0,23.133543479384453
1316,AT,2050.0,gas,19.533822512330424,0.0,19.533822512330424
1317,AT,2050.0,Electricity,156.74554857407227,0.0,156.74554857407227
1318,AT,2050.0,District heating,0.0,0.0,0.0
1319,AT,2050.0,biomass,13.171256792193631,0.0,13.171256792193631
1320,PL,2000.0,coal,0.0,0.0,0.0
1321,PL,2000.0,fuel oil,508.7606501135231,0.0,508.7606501135231
1322,PL,2000.0,gas,431.40657468935547,0.0,431.40657468935547
1323,PL,2000.0,Electricity,551.2590775296064,0.0,551.2590775296064
1324,PL,2000.0,District heating,0.0,0.0,0.0
1325,PL,2000.0,biomass,30.82015015180059,0.0,30.82015015180059
1326,PL,2005.0,coal,0.0,0.0,0.0
1327,PL,2005.0,fuel oil,715.6437732069168,0.0,715.6437732069168
1328,PL,2005.0,gas,567.668436105825,0.0,567.668436105825
1329,PL,2005.0,Electricity,198.19803626566647,0.0,198.19803626566647
1330,PL,2005.0,District heating,0.0,0.0,0.0
1331,PL,2005.0,biomass,40.73620690587759,0.0,40.73620690587759
1332,PL,2010.0,coal,0.0,0.0,0.0
1333,PL,2010.0,fuel oil,544.3316142330887,0.0,544.3316142330887
1334,PL,2010.0,gas,693.8957143137883,0.0,693.8957143137883
1335,PL,2010.0,Electricity,233.1099203599831,0.0,233.1099203599831
1336,PL,2010.0,District heating,0.0,0.0,0.0
1337,PL,2010.0,biomass,50.90920357742573,0.0,50.90920357742573
1338,PL,2015.0,coal,0.0,0.0,0.0
1339,PL,2015.0,fuel oil,510.89999996507663,0.0,510.89999996507663
1340,PL,2015.0,gas,693.4452309146836,0.0,693.4452309146836
1341,PL,2015.0,Electricity,262.1571438502266,0.0,262.1571438502266
1342,PL,2015.0,District heating,0.0,0.0,0.0
1343,PL,2015.0,biomass,55.74407775429887,0.0,55.74407775429887
1344,PL,2020.0,coal,0.0,0.0,0.0
1345,PL,2020.0,fuel oil,505.29717660436546,0.0,505.29717660436546
1346,PL,2020.0,gas,718.870115569667,0.0,718.870115569667
1347,PL,2020.0,Electricity,246.77042951422166,0.0,246.77042951422166
1348,PL,2020.0,District heating,0.0,0.0,0.0
1349,PL,2020.0,biomass,51.30873079603152,0.0,51.30873079603152
1350,PL,2025.0,coal,0.0,0.0,0.0
1351,PL,2025.0,fuel oil,370.3263430576067,0.0,370.3263430576067
1352,PL,2025.0,gas,624.8169589932404,0.0,624.8169589932404
1353,PL,2025.0,Electricity,477.83887664997604,0.0,477.83887664997604
1354,PL,2025.0,District heating,0.0,0.0,0.0
1355,PL,2025.0,biomass,49.26427378346255,0.0,49.26427378346255
1356,PL,2030.0,coal,0.0,0.0,0.0
1357,PL,2030.0,fuel oil,338.11824037796947,0.0,338.11824037796947
1358,PL,2030.0,gas,544.9399488723301,0.0,544.9399488723301
1359,PL,2030.0,Electricity,574.7441721932337,0.0,574.7441721932337
1360,PL,2030.0,District heating,0.0,0.0,0.0
1361,PL,2030.0,biomass,64.44409104075221,0.0,64.44409104075221
1362,PL,2035.0,coal,0.0,0.0,0.0
1363,PL,2035.0,fuel oil,174.66417431388774,0.0,174.66417431388774
1364,PL,2035.0,gas,554.1322428400475,0.0,554.1322428400475
1365,PL,2035.0,Electricity,713.7557665969894,0.0,713.7557665969894
1366,PL,2035.0,District heating,0.0,0.0,0.0
1367,PL,2035.0,biomass,79.69426873336131,0.0,79.69426873336131
1368,PL,2040.0,coal,0.0,0.0,0.0
1369,PL,2040.0,fuel oil,88.28978614484123,0.0,88.28978614484123
1370,PL,2040.0,gas,546.4281790745468,0.0,546.4281790745468
1371,PL,2040.0,Electricity,804.2806865651725,0.0,804.2806865651725
1372,PL,2040.0,District heating,0.0,0.0,0.0
1373,PL,2040.0,biomass,83.24780069972499,0.0,83.24780069972499
1374,PL,2045.0,coal,0.0,0.0,0.0
1375,PL,2045.0,fuel oil,23.411941216020995,0.0,23.411941216020995
1376,PL,2045.0,gas,512.6269655816398,0.0,512.6269655816398
1377,PL,2045.0,Electricity,910.0444506235605,0.0,910.0444506235605
1378,PL,2045.0,District heating,0.0,0.0,0.0
1379,PL,2045.0,biomass,76.16309506306449,0.0,76.16309506306449
1380,PL,2050.0,coal,0.0,0.0,0.0
1381,PL,2050.0,fuel oil,21.88394931107965,0.0,21.88394931107965
1382,PL,2050.0,gas,512.3442514696103,0.0,512.3442514696103
1383,PL,2050.0,Electricity,913.5829520650011,0.0,913.5829520650011
1384,PL,2050.0,District heating,0.0,0.0,0.0
1385,PL,2050.0,biomass,74.4352996385946,0.0,74.4352996385946
1386,PT,2000.0,coal,0.0,0.0,0.0
1387,PT,2000.0,fuel oil,418.4230277745004,0.0,418.4230277745004
1388,PT,2000.0,gas,24.005335776850586,0.0,24.005335776850586
1389,PT,2000.0,Electricity,450.66890598507905,25.031750680241238,475.7006566653203
1390,PT,2000.0,District heating,0.0,0.0,0.0
1391,PT,2000.0,biomass,316.9480946953126,0.0,316.9480946953126
1392,PT,2005.0,coal,0.0,0.0,0.0
1393,PT,2005.0,fuel oil,448.4325127104221,0.0,448.4325127104221
1394,PT,2005.0,gas,51.32957990742518,0.0,51.32957990742518
1395,PT,2005.0,Electricity,368.9934946597818,19.309083021567552,388.30257768134936
1396,PT,2005.0,District heating,0.0,0.0,0.0
1397,PT,2005.0,biomass,341.2897769541138,0.0,341.2897769541138
1398,PT,2010.0,coal,0.0,0.0,0.0
1399,PT,2010.0,fuel oil,479.8432719222503,0.0,479.8432719222503
1400,PT,2010.0,gas,84.74058014303806,0.0,84.74058014303806
1401,PT,2010.0,Electricity,408.53112745288064,19.366027135262055,427.8971545881427
1402,PT,2010.0,District heating,0.0,0.0,0.0
1403,PT,2010.0,biomass,236.93038471357355,0.0,236.93038471357355
1404,PT,2015.0,coal,0.0,0.0,0.0
1405,PT,2015.0,fuel oil,378.999999973989,0.0,378.999999973989
1406,PT,2015.0,gas,92.28113455713336,0.0,92.28113455713336
1407,PT,2015.0,Electricity,417.22895258299155,15.968112276448366,433.19706485943993
1408,PT,2015.0,District heating,0.0,0.0,0.0
1409,PT,2015.0,biomass,321.53527711762877,0.0,321.53527711762877
1410,PT,2020.0,coal,0.0,0.0,0.0
1411,PT,2020.0,fuel oil,355.9830207598833,0.0,355.9830207598833
1412,PT,2020.0,gas,93.10137608018226,0.0,93.10137608018226
1413,PT,2020.0,Electricity,445.27765268030504,16.831758323829135,462.1094110041342
1414,PT,2020.0,District heating,0.0,0.0,0.0
1415,PT,2020.0,biomass,315.6833147113721,0.0,315.6833147113721
1416,PT,2025.0,coal,0.0,0.0,0.0
1417,PT,2025.0,fuel oil,82.23421057983423,0.0,82.23421057983423
1418,PT,2025.0,gas,87.56793961151162,0.0,87.56793961151162
1419,PT,2025.0,Electricity,649.9040311986614,22.869531385207782,672.7735625838692
1420,PT,2025.0,District heating,0.0,0.0,0.0
1421,PT,2025.0,biomass,390.33918284173535,0.0,390.33918284173535
1422,PT,2030.0,coal,0.0,0.0,0.0
1423,PT,2030.0,fuel oil,22.881252011794714,0.0,22.881252011794714
1424,PT,2030.0,gas,79.14864667713586,0.0,79.14864667713586
1425,PT,2030.0,Electricity,605.0127972869527,19.926030525663283,624.938827812616
1426,PT,2030.0,District heating,0.0,0.0,0.0
1427,PT,2030.0,biomass,487.7964356579096,0.0,487.7964356579096
1428,PT,2035.0,coal,0.0,0.0,0.0
1429,PT,2035.0,fuel oil,14.599448802266442,0.0,14.599448802266442
1430,PT,2035.0,gas,70.11949541739209,0.0,70.11949541739209
1431,PT,2035.0,Electricity,593.8515475164925,19.409341802006125,613.2608893184986
1432,PT,2035.0,District heating,0.0,0.0,0.0
1433,PT,2035.0,biomass,521.4652969713902,0.0,521.4652969713902
1434,PT,2040.0,coal,0.0,0.0,0.0
1435,PT,2040.0,fuel oil,13.812797702708089,0.0,13.812797702708089
1436,PT,2040.0,gas,66.41087021601527,0.0,66.41087021601527
1437,PT,2040.0,Electricity,597.2833392180606,19.421462814510857,616.7048020325715
1438,PT,2040.0,District heating,0.0,0.0,0.0
1439,PT,2040.0,biomass,523.105872580428,0.0,523.105872580428
1440,PT,2045.0,coal,0.0,0.0,0.0
1441,PT,2045.0,fuel oil,12.981099509944954,0.0,12.981099509944954
1442,PT,2045.0,gas,63.471147437241946,0.0,63.471147437241946
1443,PT,2045.0,Electricity,609.932505211139,19.828980242571763,629.7614854537107
1444,PT,2045.0,District heating,0.0,0.0,0.0
1445,PT,2045.0,biomass,514.9282950967278,0.0,514.9282950967278
1446,PT,2050.0,coal,0.0,0.0,0.0
1447,PT,2050.0,fuel oil,12.228560990715525,0.0,12.228560990715525
1448,PT,2050.0,gas,62.43609045973534,0.0,62.43609045973534
1449,PT,2050.0,Electricity,623.5490230521677,20.257296465605073,643.8063195177729
1450,PT,2050.0,District heating,0.0,0.0,0.0
1451,PT,2050.0,biomass,503.7369193455637,0.0,503.7369193455637
1452,RO,2000.0,coal,0.0,0.0,0.0
1453,RO,2000.0,fuel oil,337.269720604028,0.0,337.269720604028
1454,RO,2000.0,gas,336.7275288199402,0.0,336.7275288199402
1455,RO,2000.0,Electricity,0.0,3.896674636138303,3.896674636138303
1456,RO,2000.0,District heating,0.0,0.0,0.0
1457,RO,2000.0,biomass,31.240431058181382,0.0,31.240431058181382
1458,RO,2005.0,coal,0.0,0.0,0.0
1459,RO,2005.0,fuel oil,404.01604670818296,0.0,404.01604670818296
1460,RO,2005.0,gas,273.91809902533834,0.0,273.91809902533834
1461,RO,2005.0,Electricity,0.0,0.2596060818895612,0.2596060818895612
1462,RO,2005.0,District heating,0.0,0.0,0.0
1463,RO,2005.0,biomass,27.303534748628344,0.0,27.303534748628344
1464,RO,2010.0,coal,0.0,0.0,0.0
1465,RO,2010.0,fuel oil,225.97587962579829,0.0,225.97587962579829
1466,RO,2010.0,gas,422.4514203515868,0.0,422.4514203515868
1467,RO,2010.0,Electricity,0.0,0.24207883872550529,0.24207883872550529
1468,RO,2010.0,District heating,0.0,0.0,0.0
1469,RO,2010.0,biomass,56.81038050476461,0.0,56.81038050476461
1470,RO,2015.0,coal,0.0,0.0,0.0
1471,RO,2015.0,fuel oil,239.09999998359643,0.0,239.09999998359643
1472,RO,2015.0,gas,419.80855050173136,0.0,419.80855050173136
1473,RO,2015.0,Electricity,0.0,0.3143275748893248,0.3143275748893248
1474,RO,2015.0,District heating,0.0,0.0,0.0
1475,RO,2015.0,biomass,46.32912999682189,0.0,46.32912999682189
1476,RO,2020.0,coal,0.0,0.0,0.0
1477,RO,2020.0,fuel oil,242.78206646351606,0.0,242.78206646351606
1478,RO,2020.0,gas,420.4596440884745,0.0,420.4596440884745
1479,RO,2020.0,Electricity,0.0,0.3300229297289966,0.3300229297289966
1480,RO,2020.0,District heating,0.0,0.0,0.0
1481,RO,2020.0,biomass,41.99596993015912,0.0,41.99596993015912
1482,RO,2025.0,coal,0.0,0.0,0.0
1483,RO,2025.0,fuel oil,1.6999881692356815,0.0,1.6999881692356815
1484,RO,2025.0,gas,623.6087201748267,0.0,623.6087201748267
1485,RO,2025.0,Electricity,0.0,0.8981054843474223,0.8981054843474223
1486,RO,2025.0,District heating,0.0,0.0,0.0
1487,RO,2025.0,biomass,62.061111673446376,0.0,62.061111673446376
1488,RO,2030.0,coal,0.0,0.0,0.0
1489,RO,2030.0,fuel oil,0.633231387019308,0.0,0.633231387019308
1490,RO,2030.0,gas,631.913481612076,0.0,631.913481612076
1491,RO,2030.0,Electricity,0.0,0.981500271618171,0.981500271618171
1492,RO,2030.0,District heating,0.0,0.0,0.0
1493,RO,2030.0,biomass,65.75241501996796,0.0,65.75241501996796
1494,RO,2035.0,coal,0.0,0.0,0.0
1495,RO,2035.0,fuel oil,0.37989379271521995,0.0,0.37989379271521995
1496,RO,2035.0,gas,633.0139861936116,0.0,633.0139861936116
1497,RO,2035.0,Electricity,0.0,1.066021046317237,1.066021046317237
1498,RO,2035.0,District heating,0.0,0.0,0.0
1499,RO,2035.0,biomass,67.58056129361375,0.0,67.58056129361375
1500,RO,2040.0,coal,0.0,0.0,0.0
1501,RO,2040.0,fuel oil,0.33411077301089337,0.0,0.33411077301089337
1502,RO,2040.0,gas,631.831999198159,0.0,631.831999198159
1503,RO,2040.0,Electricity,0.0,1.1917431151531255,1.1917431151531255
1504,RO,2040.0,District heating,0.0,0.0,0.0
1505,RO,2040.0,biomass,69.24872598753801,0.0,69.24872598753801
1506,RO,2045.0,coal,0.0,0.0,0.0
1507,RO,2045.0,fuel oil,0.3010877446183382,0.0,0.3010877446183382
1508,RO,2045.0,gas,637.7325757094385,0.0,637.7325757094385
1509,RO,2045.0,Electricity,0.0,1.9401293007001905,1.9401293007001905
1510,RO,2045.0,District heating,0.0,0.0,0.0
1511,RO,2045.0,biomass,63.78486200184241,0.0,63.78486200184241
1512,RO,2050.0,coal,0.0,0.0,0.0
1513,RO,2050.0,fuel oil,0.308491612112053,0.0,0.308491612112053
1514,RO,2050.0,gas,637.0984357058774,0.0,637.0984357058774
1515,RO,2050.0,Electricity,0.0,2.1684313405922864,2.1684313405922864
1516,RO,2050.0,District heating,0.0,0.0,0.0
1517,RO,2050.0,biomass,64.27460175441517,0.0,64.27460175441517
1518,SI,2000.0,coal,0.0,0.0,0.0
1519,SI,2000.0,fuel oil,41.39925118293118,0.0,41.39925118293118
1520,SI,2000.0,gas,2.231963090700919,0.0,2.231963090700919
1521,SI,2000.0,Electricity,21.743584002747895,14.02538228227602,35.768966285023915
1522,SI,2000.0,District heating,0.0,0.0,0.0
1523,SI,2000.0,biomass,1.7643309857166016,0.0,1.7643309857166016
1524,SI,2005.0,coal,0.0,0.0,0.0
1525,SI,2005.0,fuel oil,48.248357785771795,0.0,48.248357785771795
1526,SI,2005.0,gas,4.200702393842997,0.0,4.200702393842997
1527,SI,2005.0,Electricity,12.902095055750566,7.431007406399937,20.333102462150503
1528,SI,2005.0,District heating,0.0,0.0,0.0
1529,SI,2005.0,biomass,1.7879740267312405,0.0,1.7879740267312405
1530,SI,2010.0,coal,0.0,0.0,0.0
1531,SI,2010.0,fuel oil,44.452437563701125,0.0,44.452437563701125
1532,SI,2010.0,gas,5.879821979892941,0.0,5.879821979892941
1533,SI,2010.0,Electricity,13.278677822721841,6.309518297227267,19.58819611994911
1534,SI,2010.0,District heating,0.0,0.0,0.0
1535,SI,2010.0,biomass,3.528191895780689,0.0,3.528191895780689
1536,SI,2015.0,coal,0.0,0.0,0.0
1537,SI,2015.0,fuel oil,32.99999999773658,0.0,32.99999999773658
1538,SI,2015.0,gas,7.939422504852322,0.0,7.939422504852322
1539,SI,2015.0,Electricity,21.168863564462708,6.778931345387236,27.947794909849943
1540,SI,2015.0,District heating,0.0,0.0,0.0
1541,SI,2015.0,biomass,5.030843195044989,0.0,5.030843195044989
1542,SI,2020.0,coal,0.0,0.0,0.0
1543,SI,2020.0,fuel oil,28.824847649293165,0.0,28.824847649293165
1544,SI,2020.0,gas,9.19825132933668,0.0,9.19825132933668
1545,SI,2020.0,Electricity,23.315725110646508,7.166319077899374,30.48204418854588
1546,SI,2020.0,District heating,0.0,0.0,0.0
1547,SI,2020.0,biomass,5.800305172820247,0.0,5.800305172820247
1548,SI,2025.0,coal,0.0,0.0,0.0
1549,SI,2025.0,fuel oil,24.438330030677207,0.0,24.438330030677207
1550,SI,2025.0,gas,9.563544011716697,0.0,9.563544011716697
1551,SI,2025.0,Electricity,28.394395897519896,9.858665673069337,38.25306157058923
1552,SI,2025.0,District heating,0.0,0.0,0.0
1553,SI,2025.0,biomass,4.742859322182789,0.0,4.742859322182789
1554,SI,2030.0,coal,0.0,0.0,0.0
1555,SI,2030.0,fuel oil,23.980872428501847,0.0,23.980872428501847
1556,SI,2030.0,gas,9.345630098288876,0.0,9.345630098288876
1557,SI,2030.0,Electricity,29.22520100619836,10.274148741384273,39.499349747582635
1558,SI,2030.0,District heating,0.0,0.0,0.0
1559,SI,2030.0,biomass,4.587425729107509,0.0,4.587425729107509
1560,SI,2035.0,coal,0.0,0.0,0.0
1561,SI,2035.0,fuel oil,23.289118278788262,0.0,23.289118278788262
1562,SI,2035.0,gas,9.348286051624026,0.0,9.348286051624026
1563,SI,2035.0,Electricity,30.06764204101125,10.698709954745057,40.76635199575631
1564,SI,2035.0,District heating,0.0,0.0,0.0
1565,SI,2035.0,biomass,4.4340828906730545,0.0,4.4340828906730545
1566,SI,2040.0,coal,0.0,0.0,0.0
1567,SI,2040.0,fuel oil,22.163893664378623,0.0,22.163893664378623
1568,SI,2040.0,gas,9.591008327465618,0.0,9.591008327465618
1569,SI,2040.0,Electricity,30.94883397020079,10.789181924334537,41.73801589453533
1570,SI,2040.0,District heating,0.0,0.0,0.0
1571,SI,2040.0,biomass,4.435393300051559,0.0,4.435393300051559
1572,SI,2045.0,coal,0.0,0.0,0.0
1573,SI,2045.0,fuel oil,21.234430759256643,0.0,21.234430759256643
1574,SI,2045.0,gas,10.062386682467741,0.0,10.062386682467741
1575,SI,2045.0,Electricity,31.305958448856032,10.659414788367702,41.96537323722373
1576,SI,2045.0,District heating,0.0,0.0,0.0
1577,SI,2045.0,biomass,4.536353371516168,0.0,4.536353371516168
1578,SI,2050.0,coal,0.0,0.0,0.0
1579,SI,2050.0,fuel oil,21.569564241444326,0.0,21.569564241444326
1580,SI,2050.0,gas,10.77175161442132,0.0,10.77175161442132
1581,SI,2050.0,Electricity,29.93576863294826,9.743926007657352,39.67969464060561
1582,SI,2050.0,District heating,0.0,0.0,0.0
1583,SI,2050.0,biomass,4.862044773282682,0.0,4.862044773282682
1584,SK,2000.0,coal,0.0,0.0,0.0
1585,SK,2000.0,fuel oil,5.071867347685745,0.0,5.071867347685745
1586,SK,2000.0,gas,54.66743532027789,0.0,54.66743532027789
1587,SK,2000.0,Electricity,83.51970238345989,2.9972609331408733,86.51696331660077
1588,SK,2000.0,District heating,0.0,0.0,0.0
1589,SK,2000.0,biomass,0.0,0.0,0.0
1590,SK,2005.0,coal,0.0,0.0,0.0
1591,SK,2005.0,fuel oil,4.926293717685442,0.0,4.926293717685442
1592,SK,2005.0,gas,78.58549463637574,0.0,78.58549463637574
1593,SK,2005.0,Electricity,59.747216697362326,1.287471674775344,61.03468837213767
1594,SK,2005.0,District heating,0.0,0.0,0.0
1595,SK,2005.0,biomass,0.0,0.0,0.0
1596,SK,2010.0,coal,0.0,0.0,0.0
1597,SK,2010.0,fuel oil,9.503659572349052,0.0,9.503659572349052
1598,SK,2010.0,gas,83.11561023884154,0.0,83.11561023884154
1599,SK,2010.0,Electricity,50.63973524023294,0.9696282153277422,51.60936345556068
1600,SK,2010.0,District heating,0.0,0.0,0.0
1601,SK,2010.0,biomass,0.0,0.0,0.0
1602,SK,2015.0,coal,0.0,0.0,0.0
1603,SK,2015.0,fuel oil,3.3218433971877315,0.0,3.3218433971877315
1604,SK,2015.0,gas,68.72387507094292,0.0,68.72387507094292
1605,SK,2015.0,Electricity,71.21328658329287,1.3004637455954988,72.51375032888836
1606,SK,2015.0,District heating,0.0,0.0,0.0
1607,SK,2015.0,biomass,0.0,0.0,0.0
1608,SK,2020.0,coal,0.0,0.0,0.0
1609,SK,2020.0,fuel oil,6.992040849913256,0.0,6.992040849913256
1610,SK,2020.0,gas,72.53717725661383,0.0,72.53717725661383
1611,SK,2020.0,Electricity,63.729786944896425,1.1890096934334384,64.91879663832987
1612,SK,2020.0,District heating,0.0,0.0,0.0
1613,SK,2020.0,biomass,0.0,0.0,0.0
1614,SK,2025.0,coal,0.0,0.0,0.0
1615,SK,2025.0,fuel oil,2.5315561870407963,0.0,2.5315561870407963
1616,SK,2025.0,gas,69.94621937777245,0.0,69.94621937777245
1617,SK,2025.0,Electricity,70.78122948661026,1.3217228601172872,72.10295234672755
1618,SK,2025.0,District heating,0.0,0.0,0.0
1619,SK,2025.0,biomass,0.0,0.0,0.0
1620,SK,2030.0,coal,0.0,0.0,0.0
1621,SK,2030.0,fuel oil,2.1289946474784287,0.0,2.1289946474784287
1622,SK,2030.0,gas,73.80748720180142,0.0,73.80748720180142
1623,SK,2030.0,Electricity,67.32252320214369,1.1394070965276124,68.46193029867129
1624,SK,2030.0,District heating,0.0,0.0,0.0
1625,SK,2030.0,biomass,0.0,0.0,0.0
1626,SK,2035.0,coal,0.0,0.0,0.0
1627,SK,2035.0,fuel oil,0.3296133155177611,0.0,0.3296133155177611
1628,SK,2035.0,gas,70.92003564643545,0.0,70.92003564643545
1629,SK,2035.0,Electricity,72.00935608947029,1.277125213314457,73.28648130278475
1630,SK,2035.0,District heating,0.0,0.0,0.0
1631,SK,2035.0,biomass,0.0,0.0,0.0
1632,SK,2040.0,coal,0.0,0.0,0.0
1633,SK,2040.0,fuel oil,0.25383769138320006,0.0,0.25383769138320006
1634,SK,2040.0,gas,67.45816217369101,0.0,67.45816217369101
1635,SK,2040.0,Electricity,75.54700518634931,1.3428055800948246,76.88981076644413
1636,SK,2040.0,District heating,0.0,0.0,0.0
1637,SK,2040.0,biomass,0.0,0.0,0.0
1638,SK,2045.0,coal,0.0,0.0,0.0
1639,SK,2045.0,fuel oil,0.2407847472018826,0.0,0.2407847472018826
1640,SK,2045.0,gas,63.90506085419849,0.0,63.90506085419849
1641,SK,2045.0,Electricity,79.11315945002315,1.4514117015811037,80.56457115160426
1642,SK,2045.0,District heating,0.0,0.0,0.0
1643,SK,2045.0,biomass,0.0,0.0,0.0
1644,SK,2050.0,coal,0.0,0.0,0.0
1645,SK,2050.0,fuel oil,0.26804761167165353,0.0,0.26804761167165353
1646,SK,2050.0,gas,63.129432702803975,0.0,63.129432702803975
1647,SK,2050.0,Electricity,79.8615247369479,1.4544677404467352,81.31599247739463
1648,SK,2050.0,District heating,0.0,0.0,0.0
1649,SK,2050.0,biomass,0.0,0.0,0.0
1650,FI,2000.0,coal,0.0,0.0,0.0
1651,FI,2000.0,fuel oil,8.030175020785094,0.0,8.030175020785094
1652,FI,2000.0,gas,0.2744654031474727,0.0,0.2744654031474727
1653,FI,2000.0,Electricity,46.979515585699446,9.671694494768655,56.651210080468104
1654,FI,2000.0,District heating,0.0,0.0,0.0
1655,FI,2000.0,biomass,0.0,0.0,0.0
1656,FI,2005.0,coal,0.0,0.0,0.0
1657,FI,2005.0,fuel oil,8.981895758902121,0.0,8.981895758902121
1658,FI,2005.0,gas,0.4421748460358647,0.0,0.4421748460358647
1659,FI,2005.0,Electricity,45.860085404694026,7.91694190916341,53.77702731385744
1660,FI,2005.0,District heating,0.0,0.0,0.0
1661,FI,2005.0,biomass,0.0,0.0,0.0
1662,FI,2010.0,coal,0.0,0.0,0.0
1663,FI,2010.0,fuel oil,7.357345944651393,0.0,7.357345944651393
1664,FI,2010.0,gas,0.631245190454649,0.0,0.631245190454649
1665,FI,2010.0,Electricity,47.295564874525965,8.694624842684894,55.99018971721086
1666,FI,2010.0,District heating,0.0,0.0,0.0
1667,FI,2010.0,biomass,0.0,0.0,0.0
1668,FI,2015.0,coal,0.0,0.0,0.0
1669,FI,2015.0,fuel oil,5.499999999622734,0.0,5.499999999622734
1670,FI,2015.0,gas,0.43008994273419415,0.0,0.43008994273419415
1671,FI,2015.0,Electricity,49.354066067275085,7.6032675473014155,56.9573336145765
1672,FI,2015.0,District heating,0.0,0.0,0.0
1673,FI,2015.0,biomass,0.0,0.0,0.0
1674,FI,2020.0,coal,0.0,0.0,0.0
1675,FI,2020.0,fuel oil,4.498970330497866,0.0,4.498970330497866
1676,FI,2020.0,gas,0.3799771094981717,0.0,0.3799771094981717
1677,FI,2020.0,Electricity,50.405208569635974,8.118198811444428,58.5234073810804
1678,FI,2020.0,District heating,0.0,0.0,0.0
1679,FI,2020.0,biomass,0.0,0.0,0.0
1680,FI,2025.0,coal,0.0,0.0,0.0
1681,FI,2025.0,fuel oil,3.5707165101417906,0.0,3.5707165101417906
1682,FI,2025.0,gas,0.24527587192362682,0.0,0.24527587192362682
1683,FI,2025.0,Electricity,51.4681636275666,9.656688510390385,61.12485213795698
1684,FI,2025.0,District heating,0.0,0.0,0.0
1685,FI,2025.0,biomass,0.0,0.0,0.0
1686,FI,2030.0,coal,0.0,0.0,0.0
1687,FI,2030.0,fuel oil,2.888730867155903,0.0,2.888730867155903
1688,FI,2030.0,gas,0.20014135613165257,0.0,0.20014135613165257
1689,FI,2030.0,Electricity,52.195283786344454,10.270109173467585,62.465392959812036
1690,FI,2030.0,District heating,0.0,0.0,0.0
1691,FI,2030.0,biomass,0.0,0.0,0.0
1692,FI,2035.0,coal,0.0,0.0,0.0
1693,FI,2035.0,fuel oil,2.8568462334457623,0.0,2.8568462334457623
1694,FI,2035.0,gas,0.1797244828784928,0.0,0.1797244828784928
1695,FI,2035.0,Electricity,52.24758529330776,9.855733172273183,62.10331846558094
1696,FI,2035.0,District heating,0.0,0.0,0.0
1697,FI,2035.0,biomass,0.0,0.0,0.0
1698,FI,2040.0,coal,0.0,0.0,0.0
1699,FI,2040.0,fuel oil,2.5581738246788137,0.0,2.5581738246788137
1700,FI,2040.0,gas,0.14372695595947563,0.0,0.14372695595947563
1701,FI,2040.0,Electricity,52.582255228993716,10.31564463094826,62.89789985994197
1702,FI,2040.0,District heating,0.0,0.0,0.0
1703,FI,2040.0,biomass,0.0,0.0,0.0
1704,FI,2045.0,coal,0.0,0.0,0.0
1705,FI,2045.0,fuel oil,2.4988492415164414,0.0,2.4988492415164414
1706,FI,2045.0,gas,0.14317081801571505,0.0,0.14317081801571505
1707,FI,2045.0,Electricity,52.642135950099856,10.3878791177824,63.03001506788226
1708,FI,2045.0,District heating,0.0,0.0,0.0
1709,FI,2045.0,biomass,0.0,0.0,0.0
1710,FI,2050.0,coal,0.0,0.0,0.0
1711,FI,2050.0,fuel oil,2.5427744678274995,0.0,2.5427744678274995
1712,FI,2050.0,gas,0.15186523819256414,0.0,0.15186523819256414
1713,FI,2050.0,Electricity,52.589516303611944,10.148568603900133,62.738084907512075
1714,FI,2050.0,District heating,0.0,0.0,0.0
1715,FI,2050.0,biomass,0.0,0.0,0.0
1716,SE,2000.0,coal,0.0,0.0,0.0
1717,SE,2000.0,fuel oil,0.0,0.0,0.0
1718,SE,2000.0,gas,1.2409534689124577,0.0,1.2409534689124577
1719,SE,2000.0,Electricity,99.38479931256035,0.0,99.38479931256035
1720,SE,2000.0,District heating,0.0,0.0,0.0
1721,SE,2000.0,biomass,0.0,0.0,0.0
1722,SE,2005.0,coal,0.0,0.0,0.0
1723,SE,2005.0,fuel oil,0.0,0.0,0.0
1724,SE,2005.0,gas,1.252922519968521,0.0,1.252922519968521
1725,SE,2005.0,Electricity,99.3728302615043,0.0,99.3728302615043
1726,SE,2005.0,District heating,0.0,0.0,0.0
1727,SE,2005.0,biomass,0.0,0.0,0.0
1728,SE,2010.0,coal,0.0,0.0,0.0
1729,SE,2010.0,fuel oil,0.0,0.0,0.0
1730,SE,2010.0,gas,1.3782864430645976,0.0,1.3782864430645976
1731,SE,2010.0,Electricity,99.2474663384082,0.0,99.2474663384082
1732,SE,2010.0,District heating,0.0,0.0,0.0
1733,SE,2010.0,biomass,0.0,0.0,0.0
1734,SE,2015.0,coal,0.0,0.0,0.0
1735,SE,2015.0,fuel oil,0.0,0.0,0.0
1736,SE,2015.0,gas,0.5402199528301841,0.0,0.5402199528301841
1737,SE,2015.0,Electricity,100.08553282864263,0.0,100.08553282864263
1738,SE,2015.0,District heating,0.0,0.0,0.0
1739,SE,2015.0,biomass,0.0,0.0,0.0
1740,SE,2020.0,coal,0.0,0.0,0.0
1741,SE,2020.0,fuel oil,0.0,0.0,0.0
1742,SE,2020.0,gas,0.5841313946392113,0.0,0.5841313946392113
1743,SE,2020.0,Electricity,100.04162138683363,0.0,100.04162138683363
1744,SE,2020.0,District heating,0.0,0.0,0.0
1745,SE,2020.0,biomass,0.0,0.0,0.0
1746,SE,2025.0,coal,0.0,0.0,0.0
1747,SE,2025.0,fuel oil,0.0,0.0,0.0
1748,SE,2025.0,gas,0.409523222180953,0.0,0.409523222180953
1749,SE,2025.0,Electricity,100.21622955929186,0.0,100.21622955929186
1750,SE,2025.0,District heating,0.0,0.0,0.0
1751,SE,2025.0,biomass,0.0,0.0,0.0
1752,SE,2030.0,coal,0.0,0.0,0.0
1753,SE,2030.0,fuel oil,0.0,0.0,0.0
1754,SE,2030.0,gas,0.459442796920571,0.0,0.459442796920571
1755,SE,2030.0,Electricity,100.16630998455226,0.0,100.16630998455226
1756,SE,2030.0,District heating,0.0,0.0,0.0
1757,SE,2030.0,biomass,0.0,0.0,0.0
1758,SE,2035.0,coal,0.0,0.0,0.0
1759,SE,2035.0,fuel oil,0.0,0.0,0.0
1760,SE,2035.0,gas,0.3918234766120154,0.0,0.3918234766120154
1761,SE,2035.0,Electricity,100.2339293048608,0.0,100.2339293048608
1762,SE,2035.0,District heating,0.0,0.0,0.0
1763,SE,2035.0,biomass,0.0,0.0,0.0
1764,SE,2040.0,coal,0.0,0.0,0.0
1765,SE,2040.0,fuel oil,0.0,0.0,0.0
1766,SE,2040.0,gas,0.26426071572403775,0.0,0.26426071572403775
1767,SE,2040.0,Electricity,100.36149206574876,0.0,100.36149206574876
1768,SE,2040.0,District heating,0.0,0.0,0.0
1769,SE,2040.0,biomass,0.0,0.0,0.0
1770,SE,2045.0,coal,0.0,0.0,0.0
1771,SE,2045.0,fuel oil,0.0,0.0,0.0
1772,SE,2045.0,gas,0.24173784013939875,0.0,0.24173784013939875
1773,SE,2045.0,Electricity,100.38401494133342,0.0,100.38401494133342
1774,SE,2045.0,District heating,0.0,0.0,0.0
1775,SE,2045.0,biomass,0.0,0.0,0.0
1776,SE,2050.0,coal,0.0,0.0,0.0
1777,SE,2050.0,fuel oil,0.0,0.0,0.0
1778,SE,2050.0,gas,0.24124613876293446,0.0,0.24124613876293446
1779,SE,2050.0,Electricity,100.38450664270987,0.0,100.38450664270987
1780,SE,2050.0,District heating,0.0,0.0,0.0
1781,SE,2050.0,biomass,0.0,0.0,0.0
